{
"meta":{"test_sets":[],"test_metrics":[],"learn_metrics":[{"best_value":"Min","name":"MultiClass"}],"launch_mode":"Train","parameters":"","iteration_count":1000,"learn_sets":["learn"],"name":"experiment"},
"iterations":[
{"learn":[2.524672164],"iteration":0,"passed_time":0.01934240429,"remaining_time":19.32306188},
{"learn":[2.199848648],"iteration":1,"passed_time":0.03792452492,"remaining_time":18.92433794},
{"learn":[1.908454378],"iteration":2,"passed_time":0.05704583574,"remaining_time":18.95823274},
{"learn":[1.719988541],"iteration":3,"passed_time":0.07555469319,"remaining_time":18.8131186},
{"learn":[1.555747647],"iteration":4,"passed_time":0.09408403887,"remaining_time":18.72272374},
{"learn":[1.403370482],"iteration":5,"passed_time":0.1120546018,"remaining_time":18.56371237},
{"learn":[1.287552955],"iteration":6,"passed_time":0.1305378942,"remaining_time":18.51773271},
{"learn":[1.191754756],"iteration":7,"passed_time":0.1506906794,"remaining_time":18.68564424},
{"learn":[1.102959504],"iteration":8,"passed_time":0.1714717292,"remaining_time":18.88094262},
{"learn":[1.023542359],"iteration":9,"passed_time":0.1912983777,"remaining_time":18.9385394},
{"learn":[0.9530139519],"iteration":10,"passed_time":0.2107776321,"remaining_time":18.95082528},
{"learn":[0.8875535989],"iteration":11,"passed_time":0.2288288541,"remaining_time":18.84024232},
{"learn":[0.8273613421],"iteration":12,"passed_time":0.2493541229,"remaining_time":18.93173226},
{"learn":[0.7744745766],"iteration":13,"passed_time":0.2682025814,"remaining_time":18.88912466},
{"learn":[0.7250975207],"iteration":14,"passed_time":0.286121632,"remaining_time":18.78865384},
{"learn":[0.6785714005],"iteration":15,"passed_time":0.3056852914,"remaining_time":18.79964542},
{"learn":[0.6399102271],"iteration":16,"passed_time":0.3268484802,"remaining_time":18.89953271},
{"learn":[0.6082728275],"iteration":17,"passed_time":0.3487049691,"remaining_time":19.02379332},
{"learn":[0.5748083364],"iteration":18,"passed_time":0.3678521859,"remaining_time":18.99278918},
{"learn":[0.5465497105],"iteration":19,"passed_time":0.3881170086,"remaining_time":19.01773342},
{"learn":[0.5181638781],"iteration":20,"passed_time":0.4063186798,"remaining_time":18.94218988},
{"learn":[0.4901687909],"iteration":21,"passed_time":0.4254865599,"remaining_time":18.91481162},
{"learn":[0.4659099904],"iteration":22,"passed_time":0.443632913,"remaining_time":18.84475461},
{"learn":[0.4424578761],"iteration":23,"passed_time":0.4613815609,"remaining_time":18.76285014},
{"learn":[0.4209456204],"iteration":24,"passed_time":0.4798739741,"remaining_time":18.71508499},
{"learn":[0.4011817284],"iteration":25,"passed_time":0.4978876331,"remaining_time":18.65163672},
{"learn":[0.3850009299],"iteration":26,"passed_time":0.516085411,"remaining_time":18.59818907},
{"learn":[0.3660042069],"iteration":27,"passed_time":0.5342156506,"remaining_time":18.54491473},
{"learn":[0.3517898255],"iteration":28,"passed_time":0.55377333,"remaining_time":18.54185874},
{"learn":[0.3374001474],"iteration":29,"passed_time":0.5722153033,"remaining_time":18.50162814},
{"learn":[0.322796425],"iteration":30,"passed_time":0.5907303521,"remaining_time":18.46508746},
{"learn":[0.3114263046],"iteration":31,"passed_time":0.6083992264,"remaining_time":18.4040766},
{"learn":[0.2984706727],"iteration":32,"passed_time":0.6264565388,"remaining_time":18.35707494},
{"learn":[0.2862147322],"iteration":33,"passed_time":0.6455350448,"remaining_time":18.3407898},
{"learn":[0.2772493226],"iteration":34,"passed_time":0.6636896424,"remaining_time":18.29887157},
{"learn":[0.2681368898],"iteration":35,"passed_time":0.6834016758,"remaining_time":18.29997821},
{"learn":[0.2587859848],"iteration":36,"passed_time":0.7048058369,"remaining_time":18.34400056},
{"learn":[0.2484796243],"iteration":37,"passed_time":0.7241489524,"remaining_time":18.33240243},
{"learn":[0.2396729241],"iteration":38,"passed_time":0.7429706135,"remaining_time":18.30755794},
{"learn":[0.2321421495],"iteration":39,"passed_time":0.7631794557,"remaining_time":18.31630694},
{"learn":[0.2251711241],"iteration":40,"passed_time":0.7845266034,"remaining_time":18.3502686},
{"learn":[0.2187090725],"iteration":41,"passed_time":0.8429808098,"remaining_time":19.22799085},
{"learn":[0.2108782067],"iteration":42,"passed_time":0.8654356345,"remaining_time":19.26097447},
{"learn":[0.2043260196],"iteration":43,"passed_time":0.8855117321,"remaining_time":19.23975491},
{"learn":[0.196759797],"iteration":44,"passed_time":0.9041184901,"remaining_time":19.18740351},
{"learn":[0.1918885062],"iteration":45,"passed_time":0.9218159027,"remaining_time":19.11766024},
{"learn":[0.185879107],"iteration":46,"passed_time":0.9388616203,"remaining_time":19.03691754},
{"learn":[0.1800640052],"iteration":47,"passed_time":0.9572829691,"remaining_time":18.98611222},
{"learn":[0.174967818],"iteration":48,"passed_time":0.9763223993,"remaining_time":18.94862453},
{"learn":[0.1693569274],"iteration":49,"passed_time":0.9938807799,"remaining_time":18.88373482},
{"learn":[0.1646471567],"iteration":50,"passed_time":1.012985311,"remaining_time":18.84947176},
{"learn":[0.1597053759],"iteration":51,"passed_time":1.030055517,"remaining_time":18.77870443},
{"learn":[0.1548141889],"iteration":52,"passed_time":1.049101025,"remaining_time":18.74525793},
{"learn":[0.1509161029],"iteration":53,"passed_time":1.066330583,"remaining_time":18.68053207},
{"learn":[0.1471973103],"iteration":54,"passed_time":1.083732462,"remaining_time":18.62049411},
{"learn":[0.1431785037],"iteration":55,"passed_time":1.101186194,"remaining_time":18.56285298},
{"learn":[0.1398567483],"iteration":56,"passed_time":1.119377701,"remaining_time":18.51882758},
{"learn":[0.1365613799],"iteration":57,"passed_time":1.136135545,"remaining_time":18.45240833},
{"learn":[0.1337487348],"iteration":58,"passed_time":1.15348562,"remaining_time":18.39711811},
{"learn":[0.1305056834],"iteration":59,"passed_time":1.172814986,"remaining_time":18.37410145},
{"learn":[0.1278864648],"iteration":60,"passed_time":1.190889352,"remaining_time":18.33188692},
{"learn":[0.1251298412],"iteration":61,"passed_time":1.208170523,"remaining_time":18.27845082},
{"learn":[0.122137308],"iteration":62,"passed_time":1.226696725,"remaining_time":18.24467986},
{"learn":[0.1195730718],"iteration":63,"passed_time":1.244806471,"remaining_time":18.20529463},
{"learn":[0.116894532],"iteration":64,"passed_time":1.264770992,"remaining_time":18.19324427},
{"learn":[0.1142451133],"iteration":65,"passed_time":1.284764275,"remaining_time":18.1813611},
{"learn":[0.1119001514],"iteration":66,"passed_time":1.304428692,"remaining_time":18.16465626},
{"learn":[0.1098403673],"iteration":67,"passed_time":1.324101912,"remaining_time":18.14798503},
{"learn":[0.1075150639],"iteration":68,"passed_time":1.34327796,"remaining_time":18.12451856},
{"learn":[0.1058307611],"iteration":69,"passed_time":1.363565878,"remaining_time":18.11594666},
{"learn":[0.1033342323],"iteration":70,"passed_time":1.383977294,"remaining_time":18.10866064},
{"learn":[0.1007016645],"iteration":71,"passed_time":1.40196875,"remaining_time":18.06981944},
{"learn":[0.09927067436],"iteration":72,"passed_time":1.418995533,"remaining_time":18.01929944},
{"learn":[0.09656092811],"iteration":73,"passed_time":1.437741241,"remaining_time":17.99119445},
{"learn":[0.09484515703],"iteration":74,"passed_time":1.456195341,"remaining_time":17.95974254},
{"learn":[0.09314469756],"iteration":75,"passed_time":1.474199974,"remaining_time":17.9231681},
{"learn":[0.09139221281],"iteration":76,"passed_time":1.492262994,"remaining_time":17.88777589},
{"learn":[0.08984208276],"iteration":77,"passed_time":1.509936197,"remaining_time":17.84822018},
{"learn":[0.0885352506],"iteration":78,"passed_time":1.527472041,"remaining_time":17.80761708},
{"learn":[0.08721538452],"iteration":79,"passed_time":1.545666977,"remaining_time":17.77517023},
{"learn":[0.0859382418],"iteration":80,"passed_time":1.562830193,"remaining_time":17.73136972},
{"learn":[0.08457678662],"iteration":81,"passed_time":1.579606816,"remaining_time":17.68389093},
{"learn":[0.08347725949],"iteration":82,"passed_time":1.598196199,"remaining_time":17.65717969},
{"learn":[0.08223114234],"iteration":83,"passed_time":1.615600831,"remaining_time":17.61774239},
{"learn":[0.08097390956],"iteration":84,"passed_time":1.633037125,"remaining_time":17.57916435},
{"learn":[0.07928133061],"iteration":85,"passed_time":1.650656522,"remaining_time":17.54302397},
{"learn":[0.07805625891],"iteration":86,"passed_time":1.667492292,"remaining_time":17.49908578},
{"learn":[0.07695575936],"iteration":87,"passed_time":1.684888877,"remaining_time":17.46157564},
{"learn":[0.07597332458],"iteration":88,"passed_time":1.702511092,"remaining_time":17.42682702},
{"learn":[0.07488606728],"iteration":89,"passed_time":1.720657781,"remaining_time":17.397762},
{"learn":[0.07356396863],"iteration":90,"passed_time":1.738313303,"remaining_time":17.36403069},
{"learn":[0.07269556103],"iteration":91,"passed_time":1.756656914,"remaining_time":17.33743998},
{"learn":[0.07194752028],"iteration":92,"passed_time":1.77577845,"remaining_time":17.31861349},
{"learn":[0.07092363746],"iteration":93,"passed_time":1.794416081,"remaining_time":17.29511669},
{"learn":[0.06949644427],"iteration":94,"passed_time":1.812741781,"remaining_time":17.26875065},
{"learn":[0.06842114061],"iteration":95,"passed_time":1.83042921,"remaining_time":17.23654173},
{"learn":[0.06763463961],"iteration":96,"passed_time":1.847996192,"remaining_time":17.20351094},
{"learn":[0.06671672146],"iteration":97,"passed_time":1.86587133,"remaining_time":17.17363204},
{"learn":[0.06585669254],"iteration":98,"passed_time":1.884856065,"remaining_time":17.15409409},
{"learn":[0.06502114598],"iteration":99,"passed_time":1.903503421,"remaining_time":17.13153079},
{"learn":[0.06436099994],"iteration":100,"passed_time":1.922509946,"remaining_time":17.112242},
{"learn":[0.06365964464],"iteration":101,"passed_time":1.941310556,"remaining_time":17.09114588},
{"learn":[0.06286327795],"iteration":102,"passed_time":1.960109391,"remaining_time":17.07007887},
{"learn":[0.06177382674],"iteration":103,"passed_time":1.979551256,"remaining_time":17.05459544},
{"learn":[0.06111184107],"iteration":104,"passed_time":1.998829014,"remaining_time":17.03763778},
{"learn":[0.06046651658],"iteration":105,"passed_time":2.018142054,"remaining_time":17.02093393},
{"learn":[0.059789602],"iteration":106,"passed_time":2.037390918,"remaining_time":17.0036457},
{"learn":[0.05901716211],"iteration":107,"passed_time":2.058818554,"remaining_time":17.0043162},
{"learn":[0.05833802476],"iteration":108,"passed_time":2.080780385,"remaining_time":17.00894792},
{"learn":[0.0576807886],"iteration":109,"passed_time":2.100294845,"remaining_time":16.99329466},
{"learn":[0.05710686398],"iteration":110,"passed_time":2.120198173,"remaining_time":16.98068627},
{"learn":[0.0565736819],"iteration":111,"passed_time":2.138420373,"remaining_time":16.95461867},
{"learn":[0.0560096834],"iteration":112,"passed_time":2.156950027,"remaining_time":16.93110331},
{"learn":[0.05554274812],"iteration":113,"passed_time":2.175321511,"remaining_time":16.90644613},
{"learn":[0.05476781449],"iteration":114,"passed_time":2.193370408,"remaining_time":16.87941575},
{"learn":[0.05391619251],"iteration":115,"passed_time":2.211182723,"remaining_time":16.8507373},
{"learn":[0.05339994132],"iteration":116,"passed_time":2.228054126,"remaining_time":16.81514353},
{"learn":[0.0527708126],"iteration":117,"passed_time":2.245210573,"remaining_time":16.78199767},
{"learn":[0.05210856998],"iteration":118,"passed_time":2.262566111,"remaining_time":16.75059448},
{"learn":[0.05160773825],"iteration":119,"passed_time":2.28004713,"remaining_time":16.72034562},
{"learn":[0.05114226637],"iteration":120,"passed_time":2.29688515,"remaining_time":16.68563675},
{"learn":[0.05072189728],"iteration":121,"passed_time":2.313838625,"remaining_time":16.65205175},
{"learn":[0.05013467762],"iteration":122,"passed_time":2.331319055,"remaining_time":16.6224944},
{"learn":[0.04960490268],"iteration":123,"passed_time":2.348792128,"remaining_time":16.59307987},
{"learn":[0.04914830248],"iteration":124,"passed_time":2.366273462,"remaining_time":16.56391423},
{"learn":[0.04856539565],"iteration":125,"passed_time":2.383908005,"remaining_time":16.53599679},
{"learn":[0.04795096421],"iteration":126,"passed_time":2.401844117,"remaining_time":16.51031428},
{"learn":[0.04733081395],"iteration":127,"passed_time":2.420077635,"remaining_time":16.48677889},
{"learn":[0.04664597713],"iteration":128,"passed_time":2.438419667,"remaining_time":16.46405837},
{"learn":[0.04621151887],"iteration":129,"passed_time":2.458000752,"remaining_time":16.44969734},
{"learn":[0.04566292199],"iteration":130,"passed_time":2.476168421,"remaining_time":16.4258806},
{"learn":[0.04529368606],"iteration":131,"passed_time":2.49412139,"remaining_time":16.40073763},
{"learn":[0.0448794484],"iteration":132,"passed_time":2.511752329,"remaining_time":16.37360353},
{"learn":[0.04454718206],"iteration":133,"passed_time":2.531306398,"remaining_time":16.35903986},
{"learn":[0.04422167773],"iteration":134,"passed_time":2.550552096,"remaining_time":16.34242639},
{"learn":[0.0436150907],"iteration":135,"passed_time":2.570656886,"remaining_time":16.33123198},
{"learn":[0.04325856344],"iteration":136,"passed_time":2.592147714,"remaining_time":16.32863852},
{"learn":[0.04291067384],"iteration":137,"passed_time":2.613054137,"remaining_time":16.32212077},
{"learn":[0.04265585461],"iteration":138,"passed_time":2.632163651,"remaining_time":16.30426549},
{"learn":[0.04230914527],"iteration":139,"passed_time":2.65273123,"remaining_time":16.29534898},
{"learn":[0.0420224425],"iteration":140,"passed_time":2.671435993,"remaining_time":16.27491857},
{"learn":[0.04166292876],"iteration":141,"passed_time":2.69280669,"remaining_time":16.2706207},
{"learn":[0.0410151013],"iteration":142,"passed_time":2.710506334,"remaining_time":16.24408341},
{"learn":[0.04079779713],"iteration":143,"passed_time":2.728279759,"remaining_time":16.21810745},
{"learn":[0.04026031516],"iteration":144,"passed_time":2.745897582,"remaining_time":16.19132712},
{"learn":[0.03995735628],"iteration":145,"passed_time":2.764193228,"remaining_time":16.1686371},
{"learn":[0.0395617026],"iteration":146,"passed_time":2.781903091,"remaining_time":16.14260773},
{"learn":[0.0392443681],"iteration":147,"passed_time":2.799373902,"remaining_time":16.11531463},
{"learn":[0.03898513251],"iteration":148,"passed_time":2.817048023,"remaining_time":16.08931455},
{"learn":[0.03869414652],"iteration":149,"passed_time":2.834499872,"remaining_time":16.06216594},
{"learn":[0.03823807272],"iteration":150,"passed_time":2.851519546,"remaining_time":16.03271586},
{"learn":[0.0378748054],"iteration":151,"passed_time":2.869580473,"remaining_time":16.00923843},
{"learn":[0.0376641383],"iteration":152,"passed_time":2.888640585,"remaining_time":15.99136324},
{"learn":[0.03737346567],"iteration":153,"passed_time":2.90668817,"remaining_time":15.96791034},
{"learn":[0.037127635],"iteration":154,"passed_time":2.92484278,"remaining_time":15.94511064},
{"learn":[0.03691344327],"iteration":155,"passed_time":2.942394002,"remaining_time":15.91910601},
{"learn":[0.03671760162],"iteration":156,"passed_time":2.959769138,"remaining_time":15.89226359},
{"learn":[0.03648768733],"iteration":157,"passed_time":2.977333174,"remaining_time":15.86654767},
{"learn":[0.03618437715],"iteration":158,"passed_time":2.995882877,"remaining_time":15.8461478},
{"learn":[0.03585685749],"iteration":159,"passed_time":3.013938722,"remaining_time":15.82317829},
{"learn":[0.03564113301],"iteration":160,"passed_time":3.032521772,"remaining_time":15.80301719},
{"learn":[0.03537114172],"iteration":161,"passed_time":3.053017968,"remaining_time":15.79277196},
{"learn":[0.03510642392],"iteration":162,"passed_time":3.073433718,"remaining_time":15.78198787},
{"learn":[0.03474993468],"iteration":163,"passed_time":3.092316059,"remaining_time":15.76326966},
{"learn":[0.03449924769],"iteration":164,"passed_time":3.111075237,"remaining_time":15.7439262},
{"learn":[0.0341968706],"iteration":165,"passed_time":3.129461953,"remaining_time":15.72271849},
{"learn":[0.03396367529],"iteration":166,"passed_time":3.147998112,"remaining_time":15.70228999},
{"learn":[0.03362491297],"iteration":167,"passed_time":3.167517395,"remaining_time":15.68675281},
{"learn":[0.03340853566],"iteration":168,"passed_time":3.18796374,"remaining_time":15.67572703},
{"learn":[0.03317503368],"iteration":169,"passed_time":3.206554837,"remaining_time":15.65553244},
{"learn":[0.03292423022],"iteration":170,"passed_time":3.224896088,"remaining_time":15.63414536},
{"learn":[0.0325515618],"iteration":171,"passed_time":3.243357662,"remaining_time":15.61337293},
{"learn":[0.03237121426],"iteration":172,"passed_time":3.261590684,"remaining_time":15.59153466},
{"learn":[0.03204274534],"iteration":173,"passed_time":3.279509556,"remaining_time":15.56824651},
{"learn":[0.03183935885],"iteration":174,"passed_time":3.299020131,"remaining_time":15.55252348},
{"learn":[0.03162680835],"iteration":175,"passed_time":3.317945045,"remaining_time":15.53401544},
{"learn":[0.03124432441],"iteration":176,"passed_time":3.338599429,"remaining_time":15.52354424},
{"learn":[0.03095822608],"iteration":177,"passed_time":3.357210978,"remaining_time":15.50352485},
{"learn":[0.03079694503],"iteration":178,"passed_time":3.376651999,"remaining_time":15.48732565},
{"learn":[0.03061592188],"iteration":179,"passed_time":3.395425875,"remaining_time":15.46805121},
{"learn":[0.03042374269],"iteration":180,"passed_time":3.414111904,"remaining_time":15.4483848},
{"learn":[0.03027429428],"iteration":181,"passed_time":3.43551966,"remaining_time":15.44096199},
{"learn":[0.02994638721],"iteration":182,"passed_time":3.456268351,"remaining_time":15.43044395},
{"learn":[0.02983432175],"iteration":183,"passed_time":3.476101287,"remaining_time":15.41575353},
{"learn":[0.02970884047],"iteration":184,"passed_time":3.494473765,"remaining_time":15.39457362},
{"learn":[0.02956706121],"iteration":185,"passed_time":3.513186195,"remaining_time":15.37491163},
{"learn":[0.02938624714],"iteration":186,"passed_time":3.534687868,"remaining_time":15.36738629},
{"learn":[0.02904929258],"iteration":187,"passed_time":3.553922888,"remaining_time":15.34992226},
{"learn":[0.02889925311],"iteration":188,"passed_time":3.572634367,"remaining_time":15.33019297},
{"learn":[0.02869761766],"iteration":189,"passed_time":3.592091683,"remaining_time":15.31365402},
{"learn":[0.02842560988],"iteration":190,"passed_time":3.610471534,"remaining_time":15.29252079},
{"learn":[0.02826743639],"iteration":191,"passed_time":3.629484545,"remaining_time":15.27408079},
{"learn":[0.02810459524],"iteration":192,"passed_time":3.648068941,"remaining_time":15.25384267},
{"learn":[0.02795711505],"iteration":193,"passed_time":3.667378725,"remaining_time":15.23663532},
{"learn":[0.02781700026],"iteration":194,"passed_time":3.6852805,"remaining_time":15.21359386},
{"learn":[0.02755060541],"iteration":195,"passed_time":3.703131805,"remaining_time":15.19039781},
{"learn":[0.02739019333],"iteration":196,"passed_time":3.720718987,"remaining_time":15.16617943},
{"learn":[0.02717703602],"iteration":197,"passed_time":3.737932181,"remaining_time":15.14051318},
{"learn":[0.0270387911],"iteration":198,"passed_time":3.755189631,"remaining_time":15.11511002},
{"learn":[0.02690944996],"iteration":199,"passed_time":3.772861072,"remaining_time":15.09144429},
{"learn":[0.02658341599],"iteration":200,"passed_time":3.790962131,"remaining_time":15.06954599},
{"learn":[0.02643543293],"iteration":201,"passed_time":3.807937299,"remaining_time":15.04323745},
{"learn":[0.0262377066],"iteration":202,"passed_time":3.825265455,"remaining_time":15.01840674},
{"learn":[0.02611444858],"iteration":203,"passed_time":3.842482216,"remaining_time":14.99321492},
{"learn":[0.02601581677],"iteration":204,"passed_time":3.859691214,"remaining_time":14.9680708},
{"learn":[0.02577514103],"iteration":205,"passed_time":3.878066128,"remaining_time":14.9474976},
{"learn":[0.02566655271],"iteration":206,"passed_time":3.895546123,"remaining_time":14.92351727},
{"learn":[0.02555006127],"iteration":207,"passed_time":3.914159661,"remaining_time":14.90391563},
{"learn":[0.02544564933],"iteration":208,"passed_time":3.932054471,"remaining_time":14.88160329},
{"learn":[0.02530509256],"iteration":209,"passed_time":3.949548321,"remaining_time":14.85782464},
{"learn":[0.02517842448],"iteration":210,"passed_time":3.967283986,"remaining_time":14.83500979},
{"learn":[0.0250346694],"iteration":211,"passed_time":3.985756374,"remaining_time":14.81498124},
{"learn":[0.02486472764],"iteration":212,"passed_time":4.004261576,"remaining_time":14.79508855},
{"learn":[0.02468631389],"iteration":213,"passed_time":4.023386622,"remaining_time":14.77748544},
{"learn":[0.02449865974],"iteration":214,"passed_time":4.041957525,"remaining_time":14.75784492},
{"learn":[0.02438207559],"iteration":215,"passed_time":4.062097068,"remaining_time":14.74390788},
{"learn":[0.02421914687],"iteration":216,"passed_time":4.081691758,"remaining_time":14.72794768},
{"learn":[0.02409266771],"iteration":217,"passed_time":4.10065267,"remaining_time":14.70968068},
{"learn":[0.02388367394],"iteration":218,"passed_time":4.119487501,"remaining_time":14.69095771},
{"learn":[0.02369762016],"iteration":219,"passed_time":4.139191965,"remaining_time":14.67531697},
{"learn":[0.02355139641],"iteration":220,"passed_time":4.157557313,"remaining_time":14.65491922},
{"learn":[0.02344634552],"iteration":221,"passed_time":4.175913761,"remaining_time":14.63450859},
{"learn":[0.02329367695],"iteration":222,"passed_time":4.194188787,"remaining_time":14.61383268},
{"learn":[0.02317929426],"iteration":223,"passed_time":4.213543309,"remaining_time":14.59691789},
{"learn":[0.0230986993],"iteration":224,"passed_time":4.230795619,"remaining_time":14.57274046},
{"learn":[0.02301180011],"iteration":225,"passed_time":4.247763071,"remaining_time":14.54764875},
{"learn":[0.02292329878],"iteration":226,"passed_time":4.26484101,"remaining_time":14.52300485},
{"learn":[0.02279750769],"iteration":227,"passed_time":4.281343105,"remaining_time":14.49647753},
{"learn":[0.02272998181],"iteration":228,"passed_time":4.29801854,"remaining_time":14.47062137},
{"learn":[0.02263058],"iteration":229,"passed_time":4.314964487,"remaining_time":14.44575067},
{"learn":[0.02250458617],"iteration":230,"passed_time":4.332408287,"remaining_time":14.42260594},
{"learn":[0.02241641095],"iteration":231,"passed_time":4.348771029,"remaining_time":14.39593168},
{"learn":[0.02222752044],"iteration":232,"passed_time":4.365020206,"remaining_time":14.36897209},
{"learn":[0.02209364479],"iteration":233,"passed_time":4.383287289,"remaining_time":14.34870967},
{"learn":[0.02197585836],"iteration":234,"passed_time":4.400623817,"remaining_time":14.32543498},
{"learn":[0.02191459823],"iteration":235,"passed_time":4.418944143,"remaining_time":14.30539544},
{"learn":[0.02185918815],"iteration":236,"passed_time":4.437672545,"remaining_time":14.28668418},
{"learn":[0.0217308131],"iteration":237,"passed_time":4.457059319,"remaining_time":14.27008068},
{"learn":[0.02164812903],"iteration":238,"passed_time":4.47626196,"remaining_time":14.25286758},
{"learn":[0.02155418472],"iteration":239,"passed_time":4.496831255,"remaining_time":14.23996564},
{"learn":[0.02145596954],"iteration":240,"passed_time":4.517790113,"remaining_time":14.22822695},
{"learn":[0.02134819487],"iteration":241,"passed_time":4.536871508,"remaining_time":14.21053142},
{"learn":[0.02125611897],"iteration":242,"passed_time":4.555727306,"remaining_time":14.19212169},
{"learn":[0.02115741363],"iteration":243,"passed_time":4.573617463,"remaining_time":14.1707164},
{"learn":[0.02101579974],"iteration":244,"passed_time":4.591791233,"remaining_time":14.1502138},
{"learn":[0.02092596511],"iteration":245,"passed_time":4.609498513,"remaining_time":14.12830032},
{"learn":[0.02083469572],"iteration":246,"passed_time":4.628429384,"remaining_time":14.11015112},
{"learn":[0.02074200008],"iteration":247,"passed_time":4.645623042,"remaining_time":14.08672793},
{"learn":[0.02067763377],"iteration":248,"passed_time":4.662585857,"remaining_time":14.06265855},
{"learn":[0.02060709713],"iteration":249,"passed_time":4.679680923,"remaining_time":14.03904277},
{"learn":[0.02051393935],"iteration":250,"passed_time":4.697471828,"remaining_time":14.01755538},
{"learn":[0.0203573035],"iteration":251,"passed_time":4.715345258,"remaining_time":13.99634227},
{"learn":[0.0202767982],"iteration":252,"passed_time":4.733142738,"remaining_time":13.97493133},
{"learn":[0.0202109014],"iteration":253,"passed_time":4.750355236,"remaining_time":13.95183073},
{"learn":[0.02012017542],"iteration":254,"passed_time":4.767910554,"remaining_time":13.92977789},
{"learn":[0.02004885748],"iteration":255,"passed_time":4.784649625,"remaining_time":13.90538797},
{"learn":[0.01994783847],"iteration":256,"passed_time":4.803197411,"remaining_time":13.88628668},
{"learn":[0.01988218497],"iteration":257,"passed_time":4.821645575,"remaining_time":13.86690317},
{"learn":[0.01983179501],"iteration":258,"passed_time":4.839122999,"remaining_time":13.84474958},
{"learn":[0.01976784807],"iteration":259,"passed_time":4.856755601,"remaining_time":13.82307363},
{"learn":[0.01968979707],"iteration":260,"passed_time":4.874312372,"remaining_time":13.80121396},
{"learn":[0.0196207343],"iteration":261,"passed_time":4.892302458,"remaining_time":13.78060769},
{"learn":[0.01957162923],"iteration":262,"passed_time":4.909803543,"remaining_time":13.75865099},
{"learn":[0.01949315674],"iteration":263,"passed_time":4.927664432,"remaining_time":13.73773114},
{"learn":[0.01938519008],"iteration":264,"passed_time":4.944265396,"remaining_time":13.71333987},
{"learn":[0.01929833085],"iteration":265,"passed_time":4.961615289,"remaining_time":13.69107377},
{"learn":[0.01919954549],"iteration":266,"passed_time":4.978611472,"remaining_time":13.66787344},
{"learn":[0.01908818431],"iteration":267,"passed_time":4.996027267,"remaining_time":13.64586552},
{"learn":[0.01903434128],"iteration":268,"passed_time":5.01417741,"remaining_time":13.62588731},
{"learn":[0.01893007833],"iteration":269,"passed_time":5.032741551,"remaining_time":13.60704197},
{"learn":[0.01888163162],"iteration":270,"passed_time":5.049974885,"remaining_time":13.58461879},
{"learn":[0.01876399436],"iteration":271,"passed_time":5.066782104,"remaining_time":13.56109328},
{"learn":[0.01870536886],"iteration":272,"passed_time":5.083825347,"remaining_time":13.53824552},
{"learn":[0.01860857745],"iteration":273,"passed_time":5.101299975,"remaining_time":13.51658314},
{"learn":[0.01854376463],"iteration":274,"passed_time":5.119323297,"remaining_time":13.49639778},
{"learn":[0.01846707863],"iteration":275,"passed_time":5.137200329,"remaining_time":13.47584434},
{"learn":[0.01840116488],"iteration":276,"passed_time":5.154382225,"remaining_time":13.45349584},
{"learn":[0.01832417814],"iteration":277,"passed_time":5.173010194,"remaining_time":13.43494014},
{"learn":[0.01822376929],"iteration":278,"passed_time":5.190062942,"remaining_time":13.41231319},
{"learn":[0.01812609778],"iteration":279,"passed_time":5.207317906,"remaining_time":13.39024604},
{"learn":[0.0180575829],"iteration":280,"passed_time":5.224654988,"remaining_time":13.36842326},
{"learn":[0.01796706044],"iteration":281,"passed_time":5.242397829,"remaining_time":13.34766539},
{"learn":[0.01789091377],"iteration":282,"passed_time":5.259276132,"remaining_time":13.32473847},
{"learn":[0.01781450682],"iteration":283,"passed_time":5.276435072,"remaining_time":13.30256166},
{"learn":[0.01775867798],"iteration":284,"passed_time":5.293002752,"remaining_time":13.27893673},
{"learn":[0.01769514357],"iteration":285,"passed_time":5.310061379,"remaining_time":13.2565868},
{"learn":[0.01757158762],"iteration":286,"passed_time":5.327243375,"remaining_time":13.23458023},
{"learn":[0.01748230572],"iteration":287,"passed_time":5.345070174,"remaining_time":13.21420126},
{"learn":[0.01738235621],"iteration":288,"passed_time":5.363404062,"remaining_time":13.1950875},
{"learn":[0.01729398469],"iteration":289,"passed_time":5.380876604,"remaining_time":13.17387031},
{"learn":[0.01718819861],"iteration":290,"passed_time":5.397782454,"remaining_time":13.15129814},
{"learn":[0.01711651991],"iteration":291,"passed_time":5.415064776,"remaining_time":13.12967761},
{"learn":[0.0169841573],"iteration":292,"passed_time":5.432576517,"remaining_time":13.10864026},
{"learn":[0.01692108608],"iteration":293,"passed_time":5.451368408,"remaining_time":13.09070101},
{"learn":[0.01680276581],"iteration":294,"passed_time":5.468740879,"remaining_time":13.0693638},
{"learn":[0.01674810875],"iteration":295,"passed_time":5.487594621,"remaining_time":13.0515764},
{"learn":[0.01669575299],"iteration":296,"passed_time":5.505460599,"remaining_time":13.03144378},
{"learn":[0.01664620039],"iteration":297,"passed_time":5.52322931,"remaining_time":13.01109723},
{"learn":[0.01658095586],"iteration":298,"passed_time":5.540139342,"remaining_time":12.98875478},
{"learn":[0.01652642782],"iteration":299,"passed_time":5.558299127,"remaining_time":12.96936463},
{"learn":[0.01648783572],"iteration":300,"passed_time":5.57558497,"remaining_time":12.94795314},
{"learn":[0.01643940838],"iteration":301,"passed_time":5.592911402,"remaining_time":12.92666278},
{"learn":[0.01635193888],"iteration":302,"passed_time":5.610934758,"remaining_time":12.90700174},
{"learn":[0.01629401235],"iteration":303,"passed_time":5.62815372,"remaining_time":12.88550983},
{"learn":[0.01622458905],"iteration":304,"passed_time":5.646118481,"remaining_time":12.86574539},
{"learn":[0.01612567002],"iteration":305,"passed_time":5.663360841,"remaining_time":12.84435433},
{"learn":[0.01608379621],"iteration":306,"passed_time":5.681346037,"remaining_time":12.82466711},
{"learn":[0.0160200697],"iteration":307,"passed_time":5.698590007,"remaining_time":12.8033256},
{"learn":[0.01598091932],"iteration":308,"passed_time":5.71627733,"remaining_time":12.78300205},
{"learn":[0.01593907881],"iteration":309,"passed_time":5.734509445,"remaining_time":12.76390812},
{"learn":[0.01589130091],"iteration":310,"passed_time":5.752099752,"remaining_time":12.74339784},
{"learn":[0.01584637304],"iteration":311,"passed_time":5.771370626,"remaining_time":12.72661215},
{"learn":[0.01577813231],"iteration":312,"passed_time":5.788546375,"remaining_time":12.70521201},
{"learn":[0.01573221745],"iteration":313,"passed_time":5.805476262,"remaining_time":12.68330164},
{"learn":[0.01565261524],"iteration":314,"passed_time":5.82307981,"remaining_time":12.66288784},
{"learn":[0.01559876368],"iteration":315,"passed_time":5.841177795,"remaining_time":12.64356206},
{"learn":[0.01555604919],"iteration":316,"passed_time":5.85873442,"remaining_time":12.62307763},
{"learn":[0.01550914245],"iteration":317,"passed_time":5.876602991,"remaining_time":12.60328063},
{"learn":[0.01545964559],"iteration":318,"passed_time":5.894469882,"remaining_time":12.58349213},
{"learn":[0.01542012025],"iteration":319,"passed_time":5.912047576,"remaining_time":12.5631011},
{"learn":[0.01536301633],"iteration":320,"passed_time":5.930342289,"remaining_time":12.54424428},
{"learn":[0.01532678512],"iteration":321,"passed_time":5.948372221,"remaining_time":12.52483343},
{"learn":[0.01526092228],"iteration":322,"passed_time":5.966799843,"remaining_time":12.50626469},
{"learn":[0.01520820647],"iteration":323,"passed_time":5.985474082,"remaining_time":12.48821136},
{"learn":[0.01514754895],"iteration":324,"passed_time":6.003664794,"remaining_time":12.46914996},
{"learn":[0.01508684579],"iteration":325,"passed_time":6.021801377,"remaining_time":12.44998199},
{"learn":[0.01498217912],"iteration":326,"passed_time":6.040399074,"remaining_time":12.43176935},
{"learn":[0.01494128214],"iteration":327,"passed_time":6.058835216,"remaining_time":12.41322337},
{"learn":[0.01487554129],"iteration":328,"passed_time":6.077019542,"remaining_time":12.39416448},
{"learn":[0.01484060216],"iteration":329,"passed_time":6.094460599,"remaining_time":12.37360182},
{"learn":[0.01480154791],"iteration":330,"passed_time":6.112080885,"remaining_time":12.35342028},
{"learn":[0.01476968214],"iteration":331,"passed_time":6.129563316,"remaining_time":12.33297679},
{"learn":[0.0147255896],"iteration":332,"passed_time":6.147427522,"remaining_time":12.31331579},
{"learn":[0.01468324742],"iteration":333,"passed_time":6.167684847,"remaining_time":12.29843745},
{"learn":[0.01462836835],"iteration":334,"passed_time":6.187288456,"remaining_time":12.28222932},
{"learn":[0.01452396547],"iteration":335,"passed_time":6.20490719,"remaining_time":12.2620785},
{"learn":[0.01444958592],"iteration":336,"passed_time":6.223149215,"remaining_time":12.24316893},
{"learn":[0.01434757844],"iteration":337,"passed_time":6.241519657,"remaining_time":12.22451483},
{"learn":[0.01428173334],"iteration":338,"passed_time":6.259515915,"remaining_time":12.2051328},
{"learn":[0.01424436577],"iteration":339,"passed_time":6.278005663,"remaining_time":12.18671688},
{"learn":[0.01420967108],"iteration":340,"passed_time":6.29572903,"remaining_time":12.16681944},
{"learn":[0.01415893067],"iteration":341,"passed_time":6.313459068,"remaining_time":12.14694756},
{"learn":[0.01412822923],"iteration":342,"passed_time":6.331791673,"remaining_time":12.12824236},
{"learn":[0.01408004095],"iteration":343,"passed_time":6.349143305,"remaining_time":12.10766863},
{"learn":[0.01400438056],"iteration":344,"passed_time":6.36644668,"remaining_time":12.08702196},
{"learn":[0.01395842805],"iteration":345,"passed_time":6.384628985,"remaining_time":12.06805594},
{"learn":[0.0139160639],"iteration":346,"passed_time":6.402181138,"remaining_time":12.0479086},
{"learn":[0.01389370912],"iteration":347,"passed_time":6.419773389,"remaining_time":12.02785129},
{"learn":[0.01385708036],"iteration":348,"passed_time":6.437894517,"remaining_time":12.00879464},
{"learn":[0.01379885665],"iteration":349,"passed_time":6.455975647,"remaining_time":11.98966906},
{"learn":[0.01375197459],"iteration":350,"passed_time":6.473430381,"remaining_time":11.96939122},
{"learn":[0.01371081005],"iteration":351,"passed_time":6.491342107,"remaining_time":11.9499707},
{"learn":[0.0136639071],"iteration":352,"passed_time":6.50926018,"remaining_time":11.93057036},
{"learn":[0.01362714475],"iteration":353,"passed_time":6.527206,"remaining_time":11.91122903},
{"learn":[0.01358854607],"iteration":354,"passed_time":6.544406558,"remaining_time":11.89054149},
{"learn":[0.01356896415],"iteration":355,"passed_time":6.562645054,"remaining_time":11.87175116},
{"learn":[0.01353620302],"iteration":356,"passed_time":6.580640535,"remaining_time":11.85252623},
{"learn":[0.01350360215],"iteration":357,"passed_time":6.599305107,"remaining_time":11.83450804},
{"learn":[0.0134563686],"iteration":358,"passed_time":6.616766796,"remaining_time":11.81433849},
{"learn":[0.01341735017],"iteration":359,"passed_time":6.633500314,"remaining_time":11.79288945},
{"learn":[0.01338206997],"iteration":360,"passed_time":6.651061857,"remaining_time":11.77293221},
{"learn":[0.01333323475],"iteration":361,"passed_time":6.668236962,"remaining_time":11.75230713},
{"learn":[0.01329271496],"iteration":362,"passed_time":6.685721276,"remaining_time":11.73224367},
{"learn":[0.01322855317],"iteration":363,"passed_time":6.703951301,"remaining_time":11.71349733},
{"learn":[0.01318163661],"iteration":364,"passed_time":6.721463227,"remaining_time":11.69350452},
{"learn":[0.01312735369],"iteration":365,"passed_time":6.738311668,"remaining_time":11.67237595},
{"learn":[0.01305287078],"iteration":366,"passed_time":6.755905244,"remaining_time":11.65255591},
{"learn":[0.01301904773],"iteration":367,"passed_time":6.773167667,"remaining_time":11.63217926},
{"learn":[0.01298054943],"iteration":368,"passed_time":6.791600251,"remaining_time":11.61382048},
{"learn":[0.01295540017],"iteration":369,"passed_time":6.810120586,"remaining_time":11.59561073},
{"learn":[0.01290414516],"iteration":370,"passed_time":6.828047902,"remaining_time":11.57639388},
{"learn":[0.01287619885],"iteration":371,"passed_time":6.845822636,"remaining_time":11.55692639},
{"learn":[0.01284167907],"iteration":372,"passed_time":6.863011386,"remaining_time":11.53648295},
{"learn":[0.01281475122],"iteration":373,"passed_time":6.879868392,"remaining_time":11.51550164},
{"learn":[0.01277753583],"iteration":374,"passed_time":6.898026722,"remaining_time":11.4967112},
{"learn":[0.0127464994],"iteration":375,"passed_time":6.914807005,"remaining_time":11.47563716},
{"learn":[0.01270196765],"iteration":376,"passed_time":6.933721967,"remaining_time":11.45811349},
{"learn":[0.0126735518],"iteration":377,"passed_time":6.95141462,"remaining_time":11.43857115},
{"learn":[0.01262606778],"iteration":378,"passed_time":6.97093264,"remaining_time":11.42202947},
{"learn":[0.01259749625],"iteration":379,"passed_time":6.989309851,"remaining_time":11.40361081},
{"learn":[0.01258026306],"iteration":380,"passed_time":7.006964496,"remaining_time":11.38401843},
{"learn":[0.01250225757],"iteration":381,"passed_time":7.025141002,"remaining_time":11.36528047},
{"learn":[0.01247934896],"iteration":382,"passed_time":7.04424077,"remaining_time":11.34803278},
{"learn":[0.01245354051],"iteration":383,"passed_time":7.062664776,"remaining_time":11.32969141},
{"learn":[0.01243575505],"iteration":384,"passed_time":7.080175839,"remaining_time":11.30989128},
{"learn":[0.01240402312],"iteration":385,"passed_time":7.097580594,"remaining_time":11.2899339},
{"learn":[0.01237306855],"iteration":386,"passed_time":7.114971312,"remaining_time":11.26996748},
{"learn":[0.01234875364],"iteration":387,"passed_time":7.13300937,"remaining_time":11.2510354},
{"learn":[0.01228498403],"iteration":388,"passed_time":7.152901381,"remaining_time":11.23501991},
{"learn":[0.01225857564],"iteration":389,"passed_time":7.171641954,"remaining_time":11.21718357},
{"learn":[0.01223128056],"iteration":390,"passed_time":7.189228088,"remaining_time":11.19754452},
{"learn":[0.0121889846],"iteration":391,"passed_time":7.207244885,"remaining_time":11.1785839},
{"learn":[0.01216005024],"iteration":392,"passed_time":7.228775478,"remaining_time":11.16505525},
{"learn":[0.01213437496],"iteration":393,"passed_time":7.248705761,"remaining_time":11.1490246},
{"learn":[0.01209929591],"iteration":394,"passed_time":7.267688865,"remaining_time":11.13152345},
{"learn":[0.0120720182],"iteration":395,"passed_time":7.287074084,"remaining_time":11.11462815},
{"learn":[0.01203141794],"iteration":396,"passed_time":7.308077592,"remaining_time":11.10017831},
{"learn":[0.01197861346],"iteration":397,"passed_time":7.328565304,"remaining_time":11.08491536},
{"learn":[0.01192759107],"iteration":398,"passed_time":7.348120108,"remaining_time":11.06822101},
{"learn":[0.0118946433],"iteration":399,"passed_time":7.367158424,"remaining_time":11.05073764},
{"learn":[0.01185626075],"iteration":400,"passed_time":7.384480364,"remaining_time":11.03068264},
{"learn":[0.01179098494],"iteration":401,"passed_time":7.401922667,"remaining_time":11.01082029},
{"learn":[0.0117638442],"iteration":402,"passed_time":7.420828829,"remaining_time":10.99313849},
{"learn":[0.01173532959],"iteration":403,"passed_time":7.43829395,"remaining_time":10.97332474},
{"learn":[0.011717814],"iteration":404,"passed_time":7.455887895,"remaining_time":10.95371185},
{"learn":[0.01169861734],"iteration":405,"passed_time":7.473791708,"remaining_time":10.93456225},
{"learn":[0.01168008815],"iteration":406,"passed_time":7.491058643,"remaining_time":10.91449085},
{"learn":[0.01165540012],"iteration":407,"passed_time":7.508725197,"remaining_time":10.89501303},
{"learn":[0.01162881469],"iteration":408,"passed_time":7.526119239,"remaining_time":10.87515029},
{"learn":[0.01160095887],"iteration":409,"passed_time":7.54271735,"remaining_time":10.85415424},
{"learn":[0.01157335779],"iteration":410,"passed_time":7.560579551,"remaining_time":10.83499113},
{"learn":[0.01153939124],"iteration":411,"passed_time":7.578237011,"remaining_time":10.81554214},
{"learn":[0.01149103157],"iteration":412,"passed_time":7.596334982,"remaining_time":10.79672793},
{"learn":[0.01145317801],"iteration":413,"passed_time":7.615095314,"remaining_time":10.77885472},
{"learn":[0.01142403479],"iteration":414,"passed_time":7.634454724,"remaining_time":10.76182172},
{"learn":[0.01139985085],"iteration":415,"passed_time":7.655670338,"remaining_time":10.74738336},
{"learn":[0.01137745766],"iteration":416,"passed_time":7.67769574,"remaining_time":10.73404464},
{"learn":[0.01133877722],"iteration":417,"passed_time":7.697040922,"remaining_time":10.71693258},
{"learn":[0.01132278368],"iteration":418,"passed_time":7.716844976,"remaining_time":10.70044614},
{"learn":[0.01128784335],"iteration":419,"passed_time":7.737741266,"remaining_time":10.68545222},
{"learn":[0.01124294283],"iteration":420,"passed_time":7.75786895,"remaining_time":10.66937321},
{"learn":[0.0112069836],"iteration":421,"passed_time":7.776787177,"remaining_time":10.65161846},
{"learn":[0.01118755892],"iteration":422,"passed_time":7.794208827,"remaining_time":10.63181677},
{"learn":[0.01113817257],"iteration":423,"passed_time":7.81211022,"remaining_time":10.61267804},
{"learn":[0.01110338934],"iteration":424,"passed_time":7.831432701,"remaining_time":10.59546777},
{"learn":[0.01107352006],"iteration":425,"passed_time":7.849437246,"remaining_time":10.57647178},
{"learn":[0.01103982555],"iteration":426,"passed_time":7.867867707,"remaining_time":10.55805198},
{"learn":[0.01101601609],"iteration":427,"passed_time":7.885400193,"remaining_time":10.53843203},
{"learn":[0.01099210125],"iteration":428,"passed_time":7.903798264,"remaining_time":10.51997391},
{"learn":[0.01097215202],"iteration":429,"passed_time":7.922557567,"remaining_time":10.50199491},
{"learn":[0.01094651093],"iteration":430,"passed_time":7.938983404,"remaining_time":10.48093169},
{"learn":[0.01091499303],"iteration":431,"passed_time":7.956692554,"remaining_time":10.46157725},
{"learn":[0.01089451145],"iteration":432,"passed_time":7.974014787,"remaining_time":10.44172375},
{"learn":[0.01086997417],"iteration":433,"passed_time":7.993843774,"remaining_time":10.4251511},
{"learn":[0.01084459568],"iteration":434,"passed_time":8.014833554,"remaining_time":10.41007117},
{"learn":[0.01081246439],"iteration":435,"passed_time":8.035303611,"remaining_time":10.39429183},
{"learn":[0.01077220694],"iteration":436,"passed_time":8.056154964,"remaining_time":10.37898225},
{"learn":[0.01074844445],"iteration":437,"passed_time":8.076210285,"remaining_time":10.36262598},
{"learn":[0.01071527097],"iteration":438,"passed_time":8.095956424,"remaining_time":10.34585775},
{"learn":[0.01070264026],"iteration":439,"passed_time":8.1148213,"remaining_time":10.32795438},
{"learn":[0.01067671651],"iteration":440,"passed_time":8.132678595,"remaining_time":10.30876947},
{"learn":[0.01063848965],"iteration":441,"passed_time":8.150991813,"remaining_time":10.29016614},
{"learn":[0.01062631972],"iteration":442,"passed_time":8.169194065,"remaining_time":10.27142459},
{"learn":[0.0105975855],"iteration":443,"passed_time":8.188477368,"remaining_time":10.25403923},
{"learn":[0.01057417453],"iteration":444,"passed_time":8.205748645,"remaining_time":10.23413595},
{"learn":[0.01055069834],"iteration":445,"passed_time":8.22318235,"remaining_time":10.21444624},
{"learn":[0.0104992134],"iteration":446,"passed_time":8.240711705,"remaining_time":10.19488495},
{"learn":[0.01047628966],"iteration":447,"passed_time":8.259316548,"remaining_time":10.17665789},
{"learn":[0.01041586554],"iteration":448,"passed_time":8.277251665,"remaining_time":10.15760728},
{"learn":[0.01039430215],"iteration":449,"passed_time":8.29479767,"remaining_time":10.13808604},
{"learn":[0.01035939136],"iteration":450,"passed_time":8.312748382,"remaining_time":10.11906621},
{"learn":[0.0103406465],"iteration":451,"passed_time":8.330789627,"remaining_time":10.10016087},
{"learn":[0.01031287325],"iteration":452,"passed_time":8.348640755,"remaining_time":10.08102979},
{"learn":[0.01028407204],"iteration":453,"passed_time":8.366413422,"remaining_time":10.06180997},
{"learn":[0.01025366939],"iteration":454,"passed_time":8.383555665,"remaining_time":10.0418414},
{"learn":[0.0102318286],"iteration":455,"passed_time":8.403633099,"remaining_time":10.02538685},
{"learn":[0.01020010204],"iteration":456,"passed_time":8.420901043,"remaining_time":10.00557826},
{"learn":[0.0101872404],"iteration":457,"passed_time":8.438887161,"remaining_time":9.986630658},
{"learn":[0.01015744799],"iteration":458,"passed_time":8.457281832,"remaining_time":9.968168783},
{"learn":[0.01014528882],"iteration":459,"passed_time":8.474924598,"remaining_time":9.948824528},
{"learn":[0.01012590799],"iteration":460,"passed_time":8.493670561,"remaining_time":9.930777511},
{"learn":[0.01010733812],"iteration":461,"passed_time":8.51186444,"remaining_time":9.912084564},
{"learn":[0.01007161025],"iteration":462,"passed_time":8.531848385,"remaining_time":9.895469941},
{"learn":[0.0100483995],"iteration":463,"passed_time":8.552633187,"remaining_time":9.879765923},
{"learn":[0.01002362883],"iteration":464,"passed_time":8.572222261,"remaining_time":9.862664322},
{"learn":[0.01000702311],"iteration":465,"passed_time":8.592718787,"remaining_time":9.846591915},
{"learn":[0.009983772437],"iteration":466,"passed_time":8.611579429,"remaining_time":9.828633481},
{"learn":[0.009968086885],"iteration":467,"passed_time":8.630966953,"remaining_time":9.811270126},
{"learn":[0.009942210829],"iteration":468,"passed_time":8.649894008,"remaining_time":9.793376798},
{"learn":[0.009932471057],"iteration":469,"passed_time":8.669038433,"remaining_time":9.775724191},
{"learn":[0.00989783889],"iteration":470,"passed_time":8.688010566,"remaining_time":9.75787174},
{"learn":[0.009887672673],"iteration":471,"passed_time":8.705407887,"remaining_time":9.73825289},
{"learn":[0.009869149026],"iteration":472,"passed_time":8.724630735,"remaining_time":9.720677373},
{"learn":[0.009852381561],"iteration":473,"passed_time":8.742886239,"remaining_time":9.702021438},
{"learn":[0.009818857746],"iteration":474,"passed_time":8.760686125,"remaining_time":9.682863611},
{"learn":[0.009800061615],"iteration":475,"passed_time":8.778550841,"remaining_time":9.663782859},
{"learn":[0.009764890235],"iteration":476,"passed_time":8.795698692,"remaining_time":9.643921207},
{"learn":[0.009748907919],"iteration":477,"passed_time":8.813809488,"remaining_time":9.625122495},
{"learn":[0.009733531638],"iteration":478,"passed_time":8.832295471,"remaining_time":9.60673474},
{"learn":[0.009710665845],"iteration":479,"passed_time":8.850166901,"remaining_time":9.587680809},
{"learn":[0.009688033471],"iteration":480,"passed_time":8.866230104,"remaining_time":9.566680715},
{"learn":[0.009660930699],"iteration":481,"passed_time":8.884700764,"remaining_time":9.548288373},
{"learn":[0.009634589006],"iteration":482,"passed_time":8.902424204,"remaining_time":9.529095887},
{"learn":[0.009619456359],"iteration":483,"passed_time":8.920091191,"remaining_time":9.509849286},
{"learn":[0.009591035851],"iteration":484,"passed_time":8.93780902,"remaining_time":9.490663186},
{"learn":[0.009576833051],"iteration":485,"passed_time":8.955918942,"remaining_time":9.471897811},
{"learn":[0.009526416025],"iteration":486,"passed_time":8.973404379,"remaining_time":9.452477303},
{"learn":[0.009504761281],"iteration":487,"passed_time":8.991695149,"remaining_time":9.433909664},
{"learn":[0.00949548488],"iteration":488,"passed_time":9.010399822,"remaining_time":9.415775683},
{"learn":[0.009474968571],"iteration":489,"passed_time":9.030203484,"remaining_time":9.398783218},
{"learn":[0.009445365128],"iteration":490,"passed_time":9.051384755,"remaining_time":9.383207415},
{"learn":[0.009428046145],"iteration":491,"passed_time":9.072613924,"remaining_time":9.36765828},
{"learn":[0.009414040312],"iteration":492,"passed_time":9.091336211,"remaining_time":9.34950803},
{"learn":[0.009390703942],"iteration":493,"passed_time":9.110701427,"remaining_time":9.332014013},
{"learn":[0.009360666142],"iteration":494,"passed_time":9.129392184,"remaining_time":9.313824349},
{"learn":[0.009336978619],"iteration":495,"passed_time":9.147198626,"remaining_time":9.294734088},
{"learn":[0.009321596355],"iteration":496,"passed_time":9.165608054,"remaining_time":9.276259258},
{"learn":[0.00930340666],"iteration":497,"passed_time":9.183681703,"remaining_time":9.257446214},
{"learn":[0.009284131859],"iteration":498,"passed_time":9.201014219,"remaining_time":9.237892032},
{"learn":[0.00925752157],"iteration":499,"passed_time":9.218658561,"remaining_time":9.218658561},
{"learn":[0.009246403827],"iteration":500,"passed_time":9.235943312,"remaining_time":9.199073279},
{"learn":[0.009219156742],"iteration":501,"passed_time":9.255125537,"remaining_time":9.181379517},
{"learn":[0.009205424979],"iteration":502,"passed_time":9.273538778,"remaining_time":9.162920025},
{"learn":[0.009188591214],"iteration":503,"passed_time":9.29208544,"remaining_time":9.144592021},
{"learn":[0.009174757489],"iteration":504,"passed_time":9.309556929,"remaining_time":9.125209267},
{"learn":[0.009160861509],"iteration":505,"passed_time":9.329814568,"remaining_time":9.108554144},
{"learn":[0.009140090357],"iteration":506,"passed_time":9.347106155,"remaining_time":9.089000659},
{"learn":[0.009117577857],"iteration":507,"passed_time":9.364697095,"remaining_time":9.069746005},
{"learn":[0.009100031319],"iteration":508,"passed_time":9.382195483,"remaining_time":9.050408609},
{"learn":[0.009082222097],"iteration":509,"passed_time":9.399262736,"remaining_time":9.030664197},
{"learn":[0.009043730402],"iteration":510,"passed_time":9.417216214,"remaining_time":9.011778334},
{"learn":[0.009028490088],"iteration":511,"passed_time":9.436045008,"remaining_time":8.993730398},
{"learn":[0.008988470199],"iteration":512,"passed_time":9.454895857,"remaining_time":8.975700355},
{"learn":[0.008976291281],"iteration":513,"passed_time":9.472010855,"remaining_time":8.956025828},
{"learn":[0.008961748383],"iteration":514,"passed_time":9.489619758,"remaining_time":8.936826374},
{"learn":[0.008936790513],"iteration":515,"passed_time":9.509141741,"remaining_time":8.919427524},
{"learn":[0.008915447619],"iteration":516,"passed_time":9.527193942,"remaining_time":8.900647338},
{"learn":[0.00889133959],"iteration":517,"passed_time":9.545760688,"remaining_time":8.882348748},
{"learn":[0.008862350094],"iteration":518,"passed_time":9.563355122,"remaining_time":8.863148003},
{"learn":[0.008848924483],"iteration":519,"passed_time":9.581029631,"remaining_time":8.844027352},
{"learn":[0.008832176785],"iteration":520,"passed_time":9.599095268,"remaining_time":8.825271849},
{"learn":[0.008813217301],"iteration":521,"passed_time":9.618635556,"remaining_time":8.807869341},
{"learn":[0.008797779155],"iteration":522,"passed_time":9.637593417,"remaining_time":8.789927457},
{"learn":[0.008755803236],"iteration":523,"passed_time":9.657297137,"remaining_time":8.772659231},
{"learn":[0.008727799355],"iteration":524,"passed_time":9.676724402,"remaining_time":8.755131602},
{"learn":[0.008707683241],"iteration":525,"passed_time":9.698295333,"remaining_time":8.739528494},
{"learn":[0.008697582358],"iteration":526,"passed_time":9.717847596,"remaining_time":8.722090916},
{"learn":[0.008675649093],"iteration":527,"passed_time":9.737658988,"remaining_time":8.704876974},
{"learn":[0.008665936078],"iteration":528,"passed_time":9.760546139,"remaining_time":8.690391742},
{"learn":[0.008644584436],"iteration":529,"passed_time":9.779866754,"remaining_time":8.672712027},
{"learn":[0.008629706441],"iteration":530,"passed_time":9.800235938,"remaining_time":8.655952269},
{"learn":[0.008618292062],"iteration":531,"passed_time":9.820931847,"remaining_time":8.639466361},
{"learn":[0.008596290431],"iteration":532,"passed_time":9.840793655,"remaining_time":8.62223384},
{"learn":[0.008582320759],"iteration":533,"passed_time":9.861593867,"remaining_time":8.605810379},
{"learn":[0.008570261169],"iteration":534,"passed_time":9.880832799,"remaining_time":8.588013554},
{"learn":[0.008556357094],"iteration":535,"passed_time":9.900400652,"remaining_time":8.570496087},
{"learn":[0.008542383217],"iteration":536,"passed_time":9.920467108,"remaining_time":8.553400877},
{"learn":[0.008509295632],"iteration":537,"passed_time":9.938960583,"remaining_time":8.534943846},
{"learn":[0.008497384258],"iteration":538,"passed_time":9.959139375,"remaining_time":8.517928111},
{"learn":[0.008468253952],"iteration":539,"passed_time":9.977430831,"remaining_time":8.49929293},
{"learn":[0.008459144895],"iteration":540,"passed_time":9.994787497,"remaining_time":8.479865917},
{"learn":[0.008445589994],"iteration":541,"passed_time":10.01285492,"remaining_time":8.461047143},
{"learn":[0.00842541155],"iteration":542,"passed_time":10.03080262,"remaining_time":8.442130384},
{"learn":[0.008401000303],"iteration":543,"passed_time":10.04916431,"remaining_time":8.423564201},
{"learn":[0.008390764444],"iteration":544,"passed_time":10.06681861,"remaining_time":8.404408197},
{"learn":[0.008367552444],"iteration":545,"passed_time":10.08455843,"remaining_time":8.385328801},
{"learn":[0.008330809309],"iteration":546,"passed_time":10.10263349,"remaining_time":8.36653194},
{"learn":[0.00831223081],"iteration":547,"passed_time":10.12064215,"remaining_time":8.347682944},
{"learn":[0.008298370227],"iteration":548,"passed_time":10.13910687,"remaining_time":8.329211658},
{"learn":[0.008288056973],"iteration":549,"passed_time":10.15850106,"remaining_time":8.311500871},
{"learn":[0.008275444278],"iteration":550,"passed_time":10.17606105,"remaining_time":8.292289316},
{"learn":[0.008262385068],"iteration":551,"passed_time":10.19511674,"remaining_time":8.274297641},
{"learn":[0.008243642057],"iteration":552,"passed_time":10.21403016,"remaining_time":8.256187125},
{"learn":[0.008231781721],"iteration":553,"passed_time":10.23359425,"remaining_time":8.238597533},
{"learn":[0.008206199089],"iteration":554,"passed_time":10.25231139,"remaining_time":8.220321745},
{"learn":[0.008196389646],"iteration":555,"passed_time":10.27380111,"remaining_time":8.204258444},
{"learn":[0.008177067717],"iteration":556,"passed_time":10.29406842,"remaining_time":8.187203427},
{"learn":[0.008161037678],"iteration":557,"passed_time":10.3149865,"remaining_time":8.170652391},
{"learn":[0.00814840645],"iteration":558,"passed_time":10.33354503,"remaining_time":8.152224254},
{"learn":[0.008127045029],"iteration":559,"passed_time":10.35369457,"remaining_time":8.135045733},
{"learn":[0.00811237061],"iteration":560,"passed_time":10.37535853,"remaining_time":8.119041701},
{"learn":[0.008092475253],"iteration":561,"passed_time":10.39469696,"remaining_time":8.101205106},
{"learn":[0.00807864237],"iteration":562,"passed_time":10.41449093,"remaining_time":8.083716761},
{"learn":[0.008066134443],"iteration":563,"passed_time":10.43371301,"remaining_time":8.065778141},
{"learn":[0.008053678768],"iteration":564,"passed_time":10.45223535,"remaining_time":8.047296239},
{"learn":[0.008032769291],"iteration":565,"passed_time":10.47057412,"remaining_time":8.02867344},
{"learn":[0.008015743755],"iteration":566,"passed_time":10.48967092,"remaining_time":8.010630524},
{"learn":[0.007993067561],"iteration":567,"passed_time":10.50762237,"remaining_time":7.991712788},
{"learn":[0.007981477601],"iteration":568,"passed_time":10.52520035,"remaining_time":7.972515552},
{"learn":[0.007966787244],"iteration":569,"passed_time":10.54256514,"remaining_time":7.953163175},
{"learn":[0.007950478161],"iteration":570,"passed_time":10.56062889,"remaining_time":7.934342894},
{"learn":[0.007936273655],"iteration":571,"passed_time":10.57889975,"remaining_time":7.915680233},
{"learn":[0.00791418091],"iteration":572,"passed_time":10.5969119,"remaining_time":7.896826148},
{"learn":[0.007903691713],"iteration":573,"passed_time":10.61467923,"remaining_time":7.877793299},
{"learn":[0.007891440461],"iteration":574,"passed_time":10.63383448,"remaining_time":7.859790699},
{"learn":[0.007878718163],"iteration":575,"passed_time":10.65313422,"remaining_time":7.84189047},
{"learn":[0.007865816846],"iteration":576,"passed_time":10.67309547,"remaining_time":7.824470339},
{"learn":[0.007858277186],"iteration":577,"passed_time":10.69279104,"remaining_time":7.806847436},
{"learn":[0.007849428256],"iteration":578,"passed_time":10.71438029,"remaining_time":7.790594301},
{"learn":[0.007835507791],"iteration":579,"passed_time":10.73677326,"remaining_time":7.774904773},
{"learn":[0.007817843904],"iteration":580,"passed_time":10.75974454,"remaining_time":7.759609229},
{"learn":[0.007794572901],"iteration":581,"passed_time":10.78098555,"remaining_time":7.743044605},
{"learn":[0.007779670724],"iteration":582,"passed_time":10.80191866,"remaining_time":7.726243706},
{"learn":[0.007770177439],"iteration":583,"passed_time":10.82163669,"remaining_time":7.708563121},
{"learn":[0.007752193636],"iteration":584,"passed_time":10.84182847,"remaining_time":7.691211651},
{"learn":[0.007744905389],"iteration":585,"passed_time":10.86131695,"remaining_time":7.673353611},
{"learn":[0.007727771787],"iteration":586,"passed_time":10.87985887,"remaining_time":7.65482404},
{"learn":[0.007704727629],"iteration":587,"passed_time":10.89817565,"remaining_time":7.636136678},
{"learn":[0.007696484305],"iteration":588,"passed_time":10.91698909,"remaining_time":7.617797137},
{"learn":[0.007680530337],"iteration":589,"passed_time":10.93620838,"remaining_time":7.599738025},
{"learn":[0.007672723241],"iteration":590,"passed_time":10.95446448,"remaining_time":7.581008413},
{"learn":[0.007666113086],"iteration":591,"passed_time":10.9731262,"remaining_time":7.56255995},
{"learn":[0.007654879103],"iteration":592,"passed_time":10.99146002,"remaining_time":7.543885714},
{"learn":[0.0076379088],"iteration":593,"passed_time":11.01106327,"remaining_time":7.526080281},
{"learn":[0.007622901716],"iteration":594,"passed_time":11.02885465,"remaining_time":7.507035519},
{"learn":[0.007613203139],"iteration":595,"passed_time":11.04809836,"remaining_time":7.488979426},
{"learn":[0.00760016806],"iteration":596,"passed_time":11.07026805,"remaining_time":7.472894513},
{"learn":[0.007592601441],"iteration":597,"passed_time":11.09060792,"remaining_time":7.455559172},
{"learn":[0.007569164472],"iteration":598,"passed_time":11.11224517,"remaining_time":7.439082326},
{"learn":[0.007554590188],"iteration":599,"passed_time":11.13334519,"remaining_time":7.422230128},
{"learn":[0.007541536108],"iteration":600,"passed_time":11.15513133,"remaining_time":7.405819304},
{"learn":[0.007532795619],"iteration":601,"passed_time":11.17678949,"remaining_time":7.38930601},
{"learn":[0.00752236978],"iteration":602,"passed_time":11.19743349,"remaining_time":7.372107952},
{"learn":[0.007508271654],"iteration":603,"passed_time":11.21835691,"remaining_time":7.35508168},
{"learn":[0.007495912227],"iteration":604,"passed_time":11.23756554,"remaining_time":7.336922957},
{"learn":[0.007479653538],"iteration":605,"passed_time":11.25648657,"remaining_time":7.318573778},
{"learn":[0.007461807096],"iteration":606,"passed_time":11.27505905,"remaining_time":7.299997048},
{"learn":[0.007443000372],"iteration":607,"passed_time":11.29329889,"remaining_time":7.281205863},
{"learn":[0.007422721467],"iteration":608,"passed_time":11.31256567,"remaining_time":7.263075825},
{"learn":[0.00740868729],"iteration":609,"passed_time":11.33208958,"remaining_time":7.245106452},
{"learn":[0.007393687085],"iteration":610,"passed_time":11.35125054,"remaining_time":7.226900915},
{"learn":[0.007383325482],"iteration":611,"passed_time":11.36944365,"remaining_time":7.208078656},
{"learn":[0.007372285017],"iteration":612,"passed_time":11.38810162,"remaining_time":7.189551923},
{"learn":[0.007354336531],"iteration":613,"passed_time":11.40741767,"remaining_time":7.171438472},
{"learn":[0.007340853288],"iteration":614,"passed_time":11.42777963,"remaining_time":7.153975864},
{"learn":[0.00732893762],"iteration":615,"passed_time":11.44812058,"remaining_time":7.136490749},
{"learn":[0.007319199207],"iteration":616,"passed_time":11.46848337,"remaining_time":7.119009937},
{"learn":[0.007306077513],"iteration":617,"passed_time":11.48991858,"remaining_time":7.102182683},
{"learn":[0.007288829316],"iteration":618,"passed_time":11.50882325,"remaining_time":7.083782973},
{"learn":[0.007271542547],"iteration":619,"passed_time":11.5269194,"remaining_time":7.064886081},
{"learn":[0.007263831516],"iteration":620,"passed_time":11.54690105,"remaining_time":7.047142511},
{"learn":[0.007249068463],"iteration":621,"passed_time":11.56567361,"remaining_time":7.028656956},
{"learn":[0.007235276656],"iteration":622,"passed_time":11.58428395,"remaining_time":7.01007231},
{"learn":[0.007226207217],"iteration":623,"passed_time":11.60397938,"remaining_time":6.992141419},
{"learn":[0.007215529051],"iteration":624,"passed_time":11.62451374,"remaining_time":6.974708245},
{"learn":[0.007203065512],"iteration":625,"passed_time":11.64444622,"remaining_time":6.956905567},
{"learn":[0.007183031153],"iteration":626,"passed_time":11.66242482,"remaining_time":6.937933742},
{"learn":[0.007172640156],"iteration":627,"passed_time":11.68240584,"remaining_time":6.92015123},
{"learn":[0.007151097205],"iteration":628,"passed_time":11.70049271,"remaining_time":6.901244505},
{"learn":[0.007140068825],"iteration":629,"passed_time":11.71865063,"remaining_time":6.882382113},
{"learn":[0.007129185384],"iteration":630,"passed_time":11.73846317,"remaining_time":6.864489557},
{"learn":[0.007123069408],"iteration":631,"passed_time":11.75892493,"remaining_time":6.846968949},
{"learn":[0.00710420146],"iteration":632,"passed_time":11.77755207,"remaining_time":6.828375369},
{"learn":[0.007092534333],"iteration":633,"passed_time":11.79700513,"remaining_time":6.81025848},
{"learn":[0.007076636475],"iteration":634,"passed_time":11.8166291,"remaining_time":6.792235626},
{"learn":[0.007068562284],"iteration":635,"passed_time":11.83454283,"remaining_time":6.773228914},
{"learn":[0.007058395185],"iteration":636,"passed_time":11.85411184,"remaining_time":6.755168911},
{"learn":[0.007050800903],"iteration":637,"passed_time":11.87310967,"remaining_time":6.736780095},
{"learn":[0.007042207473],"iteration":638,"passed_time":11.89163668,"remaining_time":6.718123381},
{"learn":[0.007034473911],"iteration":639,"passed_time":11.91015598,"remaining_time":6.699462739},
{"learn":[0.007027085929],"iteration":640,"passed_time":11.92888783,"remaining_time":6.680921577},
{"learn":[0.007005228718],"iteration":641,"passed_time":11.94778954,"remaining_time":6.662474542},
{"learn":[0.006984564374],"iteration":642,"passed_time":11.96645654,"remaining_time":6.643895778},
{"learn":[0.006975293688],"iteration":643,"passed_time":11.98458446,"remaining_time":6.625018738},
{"learn":[0.006959684439],"iteration":644,"passed_time":12.00300617,"remaining_time":6.606305721},
{"learn":[0.006950008146],"iteration":645,"passed_time":12.02226224,"remaining_time":6.588050827},
{"learn":[0.006933982666],"iteration":646,"passed_time":12.04063498,"remaining_time":6.569310893},
{"learn":[0.006918657982],"iteration":647,"passed_time":12.05941128,"remaining_time":6.550791312},
{"learn":[0.006902331129],"iteration":648,"passed_time":12.07847701,"remaining_time":6.532427476},
{"learn":[0.006887016532],"iteration":649,"passed_time":12.09856982,"remaining_time":6.51461452},
{"learn":[0.006870558211],"iteration":650,"passed_time":12.11744721,"remaining_time":6.496142976},
{"learn":[0.006864825201],"iteration":651,"passed_time":12.13678888,"remaining_time":6.477917989},
{"learn":[0.006856105838],"iteration":652,"passed_time":12.1557795,"remaining_time":6.459503041},
{"learn":[0.006849296283],"iteration":653,"passed_time":12.17535021,"remaining_time":6.44139323},
{"learn":[0.006841526023],"iteration":654,"passed_time":12.19505925,"remaining_time":6.423351818},
{"learn":[0.006834834999],"iteration":655,"passed_time":12.21288047,"remaining_time":6.40431537},
{"learn":[0.006826047137],"iteration":656,"passed_time":12.23114955,"remaining_time":6.385516434},
{"learn":[0.00681812351],"iteration":657,"passed_time":12.24941497,"remaining_time":6.366717202},
{"learn":[0.006809383951],"iteration":658,"passed_time":12.26823964,"remaining_time":6.348208977},
{"learn":[0.006797940747],"iteration":659,"passed_time":12.28635906,"remaining_time":6.329336487},
{"learn":[0.006788627895],"iteration":660,"passed_time":12.30426291,"remaining_time":6.310355713},
{"learn":[0.006779762622],"iteration":661,"passed_time":12.32234525,"remaining_time":6.291469328},
{"learn":[0.006772727141],"iteration":662,"passed_time":12.34139961,"remaining_time":6.27307944},
{"learn":[0.006755213898],"iteration":663,"passed_time":12.36206183,"remaining_time":6.255501165},
{"learn":[0.006740828244],"iteration":664,"passed_time":12.38142979,"remaining_time":6.237261625},
{"learn":[0.006724163037],"iteration":665,"passed_time":12.39953323,"remaining_time":6.218384534},
{"learn":[0.006710845587],"iteration":666,"passed_time":12.41824829,"remaining_time":6.199815113},
{"learn":[0.006703251401],"iteration":667,"passed_time":12.43636888,"remaining_time":6.180949802},
{"learn":[0.0066872027],"iteration":668,"passed_time":12.45511184,"remaining_time":6.162394649},
{"learn":[0.006674044379],"iteration":669,"passed_time":12.47309662,"remaining_time":6.143465498},
{"learn":[0.006663159316],"iteration":670,"passed_time":12.49292734,"remaining_time":6.125444255},
{"learn":[0.006652266838],"iteration":671,"passed_time":12.5108854,"remaining_time":6.106503587},
{"learn":[0.006642824479],"iteration":672,"passed_time":12.52832921,"remaining_time":6.087315978},
{"learn":[0.006636114683],"iteration":673,"passed_time":12.54634784,"remaining_time":6.068411565},
{"learn":[0.006619896018],"iteration":674,"passed_time":12.56427603,"remaining_time":6.049466236},
{"learn":[0.006609533336],"iteration":675,"passed_time":12.58392993,"remaining_time":6.031351033},
{"learn":[0.006600357544],"iteration":676,"passed_time":12.60250974,"remaining_time":6.012718825},
{"learn":[0.006584032597],"iteration":677,"passed_time":12.62096927,"remaining_time":5.994029655},
{"learn":[0.006570990998],"iteration":678,"passed_time":12.64016053,"remaining_time":5.975687086},
{"learn":[0.006557343883],"iteration":679,"passed_time":12.65891801,"remaining_time":5.957137885},
{"learn":[0.006548957354],"iteration":680,"passed_time":12.67787279,"remaining_time":5.938680497},
{"learn":[0.006538504457],"iteration":681,"passed_time":12.69733865,"remaining_time":5.920459958},
{"learn":[0.006525319969],"iteration":682,"passed_time":12.717992,"remaining_time":5.902786916},
{"learn":[0.006519742524],"iteration":683,"passed_time":12.7436188,"remaining_time":5.887402837},
{"learn":[0.006515170727],"iteration":684,"passed_time":12.76457121,"remaining_time":5.869839314},
{"learn":[0.006507492441],"iteration":685,"passed_time":12.78768647,"remaining_time":5.853255904},
{"learn":[0.006500376471],"iteration":686,"passed_time":12.81371746,"remaining_time":5.837981899},
{"learn":[0.006490016165],"iteration":687,"passed_time":12.83613195,"remaining_time":5.82103658},
{"learn":[0.006482796748],"iteration":688,"passed_time":12.85922427,"remaining_time":5.804381348},
{"learn":[0.006475836202],"iteration":689,"passed_time":12.88135517,"remaining_time":5.787275513},
{"learn":[0.006462054226],"iteration":690,"passed_time":12.90644386,"remaining_time":5.771477788},
{"learn":[0.006453200756],"iteration":691,"passed_time":12.93399738,"remaining_time":5.756750278},
{"learn":[0.006435868309],"iteration":692,"passed_time":12.95908126,"remaining_time":5.740891698},
{"learn":[0.006419886948],"iteration":693,"passed_time":12.98441278,"remaining_time":5.725115723},
{"learn":[0.00640014352],"iteration":694,"passed_time":13.00893053,"remaining_time":5.708955123},
{"learn":[0.0063871995],"iteration":695,"passed_time":13.03517889,"remaining_time":5.693526412},
{"learn":[0.006379226577],"iteration":696,"passed_time":13.06095951,"remaining_time":5.677863317},
{"learn":[0.006363292481],"iteration":697,"passed_time":13.08500939,"remaining_time":5.661422403},
{"learn":[0.006358090521],"iteration":698,"passed_time":13.11088698,"remaining_time":5.645746754},
{"learn":[0.006346176488],"iteration":699,"passed_time":13.13497788,"remaining_time":5.629276236},
{"learn":[0.006335622939],"iteration":700,"passed_time":13.16083674,"remaining_time":5.613538065},
{"learn":[0.006324690926],"iteration":701,"passed_time":13.18597457,"remaining_time":5.597464987},
{"learn":[0.00631755156],"iteration":702,"passed_time":13.21246629,"remaining_time":5.581938105},
{"learn":[0.006311249966],"iteration":703,"passed_time":13.24125638,"remaining_time":5.567346433},
{"learn":[0.006300750428],"iteration":704,"passed_time":13.26667028,"remaining_time":5.551301749},
{"learn":[0.00629307677],"iteration":705,"passed_time":13.2912558,"remaining_time":5.53488556},
{"learn":[0.006286997044],"iteration":706,"passed_time":13.3146125,"remaining_time":5.517937005},
{"learn":[0.006280842153],"iteration":707,"passed_time":13.33945404,"remaining_time":5.501582741},
{"learn":[0.006267415855],"iteration":708,"passed_time":13.36829366,"remaining_time":5.486845492},
{"learn":[0.006256117097],"iteration":709,"passed_time":13.39698068,"remaining_time":5.472006192},
{"learn":[0.006249985442],"iteration":710,"passed_time":13.41854746,"remaining_time":5.454233779},
{"learn":[0.006239051665],"iteration":711,"passed_time":13.43918562,"remaining_time":5.436075082},
{"learn":[0.006224179536],"iteration":712,"passed_time":13.45922813,"remaining_time":5.417669669},
{"learn":[0.006217359587],"iteration":713,"passed_time":13.47998018,"remaining_time":5.399543883},
{"learn":[0.006207222785],"iteration":714,"passed_time":13.50061923,"remaining_time":5.381365705},
{"learn":[0.006198053365],"iteration":715,"passed_time":13.52163526,"remaining_time":5.363330186},
{"learn":[0.006186284456],"iteration":716,"passed_time":13.54159643,"remaining_time":5.344869998},
{"learn":[0.006177404055],"iteration":717,"passed_time":13.5617501,"remaining_time":5.326481237},
{"learn":[0.006163864988],"iteration":718,"passed_time":13.58069729,"remaining_time":5.307616047},
{"learn":[0.006154279411],"iteration":719,"passed_time":13.59959566,"remaining_time":5.288731646},
{"learn":[0.006146388957],"iteration":720,"passed_time":13.62106437,"remaining_time":5.27084183},
{"learn":[0.00613742716],"iteration":721,"passed_time":13.64094471,"remaining_time":5.25233051},
{"learn":[0.006131242442],"iteration":722,"passed_time":13.66149241,"remaining_time":5.23407109},
{"learn":[0.006108850831],"iteration":723,"passed_time":13.68027641,"remaining_time":5.215132995},
{"learn":[0.006099245835],"iteration":724,"passed_time":13.69913364,"remaining_time":5.196223105},
{"learn":[0.006087323459],"iteration":725,"passed_time":13.72161781,"remaining_time":5.178682202},
{"learn":[0.006082075323],"iteration":726,"passed_time":13.74522033,"remaining_time":5.161547664},
{"learn":[0.006068880476],"iteration":727,"passed_time":13.76705513,"remaining_time":5.143734882},
{"learn":[0.006061718288],"iteration":728,"passed_time":13.78770455,"remaining_time":5.125470416},
{"learn":[0.006051709444],"iteration":729,"passed_time":13.81093997,"remaining_time":5.10815588},
{"learn":[0.006043271238],"iteration":730,"passed_time":13.83149133,"remaining_time":5.08983744},
{"learn":[0.006028260204],"iteration":731,"passed_time":13.85235366,"remaining_time":5.071626749},
{"learn":[0.006013022745],"iteration":732,"passed_time":13.87200871,"remaining_time":5.052969068},
{"learn":[0.006002939684],"iteration":733,"passed_time":13.89188388,"remaining_time":5.034388437},
{"learn":[0.005992831366],"iteration":734,"passed_time":13.91250843,"remaining_time":5.016074469},
{"learn":[0.005982127614],"iteration":735,"passed_time":13.93266586,"remaining_time":4.997586668},
{"learn":[0.005976830587],"iteration":736,"passed_time":13.95375921,"remaining_time":4.97942832},
{"learn":[0.005969098791],"iteration":737,"passed_time":13.97484688,"remaining_time":4.961260004},
{"learn":[0.005958565783],"iteration":738,"passed_time":13.99561922,"remaining_time":4.942972418},
{"learn":[0.005950982308],"iteration":739,"passed_time":14.01644126,"remaining_time":4.924695579},
{"learn":[0.005944864611],"iteration":740,"passed_time":14.03795688,"remaining_time":4.906654295},
{"learn":[0.005937924588],"iteration":741,"passed_time":14.059076,"remaining_time":4.888465778},
{"learn":[0.005928930468],"iteration":742,"passed_time":14.08027892,"remaining_time":4.870298361},
{"learn":[0.005921838147],"iteration":743,"passed_time":14.10304115,"remaining_time":4.852659319},
{"learn":[0.00591524748],"iteration":744,"passed_time":14.12408603,"remaining_time":4.834418708},
{"learn":[0.005906396777],"iteration":745,"passed_time":14.14462864,"remaining_time":4.815999563},
{"learn":[0.00590106497],"iteration":746,"passed_time":14.1651041,"remaining_time":4.797551992},
{"learn":[0.005894340462],"iteration":747,"passed_time":14.18639822,"remaining_time":4.7793748},
{"learn":[0.005889538217],"iteration":748,"passed_time":14.20850164,"remaining_time":4.761460496},
{"learn":[0.005881191764],"iteration":749,"passed_time":14.23024835,"remaining_time":4.743416115},
{"learn":[0.005871033395],"iteration":750,"passed_time":14.25172395,"remaining_time":4.72527199},
{"learn":[0.005862394341],"iteration":751,"passed_time":14.27230602,"remaining_time":4.706824327},
{"learn":[0.005856145925],"iteration":752,"passed_time":14.29250527,"remaining_time":4.688245422},
{"learn":[0.005846445684],"iteration":753,"passed_time":14.31276193,"remaining_time":4.669680949},
{"learn":[0.005841410268],"iteration":754,"passed_time":14.33407007,"remaining_time":4.651453202},
{"learn":[0.005831488162],"iteration":755,"passed_time":14.35446588,"remaining_time":4.632922851},
{"learn":[0.005823467537],"iteration":756,"passed_time":14.37450062,"remaining_time":4.614271664},
{"learn":[0.00581644063],"iteration":757,"passed_time":14.39554814,"remaining_time":4.595940171},
{"learn":[0.005810472313],"iteration":758,"passed_time":14.41572605,"remaining_time":4.5773254},
{"learn":[0.005805008035],"iteration":759,"passed_time":14.43576658,"remaining_time":4.55866313},
{"learn":[0.005798777652],"iteration":760,"passed_time":14.45594322,"remaining_time":4.540039986},
{"learn":[0.005792954043],"iteration":761,"passed_time":14.47649179,"remaining_time":4.521528932},
{"learn":[0.005779308752],"iteration":762,"passed_time":14.49876633,"remaining_time":4.50354865},
{"learn":[0.005771599637],"iteration":763,"passed_time":14.51883626,"remaining_time":4.484876122},
{"learn":[0.005765461022],"iteration":764,"passed_time":14.53812997,"remaining_time":4.465961495},
{"learn":[0.005758870991],"iteration":765,"passed_time":14.5585691,"remaining_time":4.447395783},
{"learn":[0.005739531554],"iteration":766,"passed_time":14.57994475,"remaining_time":4.429109684},
{"learn":[0.005735279415],"iteration":767,"passed_time":14.59917101,"remaining_time":4.410166242},
{"learn":[0.00572868981],"iteration":768,"passed_time":14.61897037,"remaining_time":4.391394219},
{"learn":[0.005718962489],"iteration":769,"passed_time":14.63880586,"remaining_time":4.37263032},
{"learn":[0.005713716025],"iteration":770,"passed_time":14.65798923,"remaining_time":4.353669954},
{"learn":[0.005705959085],"iteration":771,"passed_time":14.67703975,"remaining_time":4.334669772},
{"learn":[0.005699475882],"iteration":772,"passed_time":14.69713589,"remaining_time":4.315976515},
{"learn":[0.005692218718],"iteration":773,"passed_time":14.71621177,"remaining_time":4.296981731},
{"learn":[0.005687607788],"iteration":774,"passed_time":14.73708912,"remaining_time":4.278509743},
{"learn":[0.005680961833],"iteration":775,"passed_time":14.75815511,"remaining_time":4.260086012},
{"learn":[0.005671553646],"iteration":776,"passed_time":14.77987628,"remaining_time":4.241843514},
{"learn":[0.005664079811],"iteration":777,"passed_time":14.79979772,"remaining_time":4.223078525},
{"learn":[0.00565876754],"iteration":778,"passed_time":14.82037179,"remaining_time":4.204495721},
{"learn":[0.00565308436],"iteration":779,"passed_time":14.84220067,"remaining_time":4.186261727},
{"learn":[0.005645341666],"iteration":780,"passed_time":14.86267511,"remaining_time":4.167638732},
{"learn":[0.005640655342],"iteration":781,"passed_time":14.88427228,"remaining_time":4.149323986},
{"learn":[0.005634876631],"iteration":782,"passed_time":14.90432423,"remaining_time":4.130572616},
{"learn":[0.005627310489],"iteration":783,"passed_time":14.92403573,"remaining_time":4.11172413},
{"learn":[0.00561500113],"iteration":784,"passed_time":14.94394292,"remaining_time":4.092927042},
{"learn":[0.005610426348],"iteration":785,"passed_time":14.96257358,"remaining_time":4.073779576},
{"learn":[0.005601225239],"iteration":786,"passed_time":14.98189643,"remaining_time":4.054820761},
{"learn":[0.005594204349],"iteration":787,"passed_time":15.00198475,"remaining_time":4.036066962},
{"learn":[0.005587791548],"iteration":788,"passed_time":15.02121324,"remaining_time":4.017079839},
{"learn":[0.005581559981],"iteration":789,"passed_time":15.04049937,"remaining_time":3.998107429},
{"learn":[0.005569912798],"iteration":790,"passed_time":15.06071126,"remaining_time":3.97937883},
{"learn":[0.005561659029],"iteration":791,"passed_time":15.08042227,"remaining_time":3.96051494},
{"learn":[0.005549747221],"iteration":792,"passed_time":15.09967318,"remaining_time":3.941528812},
{"learn":[0.005544494567],"iteration":793,"passed_time":15.12000327,"remaining_time":3.922822007},
{"learn":[0.005539568074],"iteration":794,"passed_time":15.14127705,"remaining_time":3.90435446},
{"learn":[0.005533664918],"iteration":795,"passed_time":15.16197344,"remaining_time":3.885731887},
{"learn":[0.005524653849],"iteration":796,"passed_time":15.18339341,"remaining_time":3.867288411},
{"learn":[0.005518414424],"iteration":797,"passed_time":15.24679212,"remaining_time":3.85946367},
{"learn":[0.005512471924],"iteration":798,"passed_time":15.26884295,"remaining_time":3.841098163},
{"learn":[0.005501808746],"iteration":799,"passed_time":15.28953688,"remaining_time":3.822384219},
{"learn":[0.005491888179],"iteration":800,"passed_time":15.30963531,"remaining_time":3.803517385},
{"learn":[0.005485137902],"iteration":801,"passed_time":15.32985178,"remaining_time":3.784676624},
{"learn":[0.005474644225],"iteration":802,"passed_time":15.34875334,"remaining_time":3.765509848},
{"learn":[0.005470187046],"iteration":803,"passed_time":15.3683991,"remaining_time":3.746525153},
{"learn":[0.005464595846],"iteration":804,"passed_time":15.38694254,"remaining_time":3.727271794},
{"learn":[0.005460172355],"iteration":805,"passed_time":15.40608392,"remaining_time":3.708164119},
{"learn":[0.005451911515],"iteration":806,"passed_time":15.42743423,"remaining_time":3.689584643},
{"learn":[0.005445524779],"iteration":807,"passed_time":15.4483149,"remaining_time":3.670886708},
{"learn":[0.005434349373],"iteration":808,"passed_time":15.46816228,"remaining_time":3.651939426},
{"learn":[0.005425648254],"iteration":809,"passed_time":15.48893578,"remaining_time":3.633207159},
{"learn":[0.005419677667],"iteration":810,"passed_time":15.50845037,"remaining_time":3.614176474},
{"learn":[0.005414567051],"iteration":811,"passed_time":15.52910351,"remaining_time":3.595408202},
{"learn":[0.005411654234],"iteration":812,"passed_time":15.5507336,"remaining_time":3.576860005},
{"learn":[0.005405040352],"iteration":813,"passed_time":15.57047281,"remaining_time":3.557872165},
{"learn":[0.00539907836],"iteration":814,"passed_time":15.59029492,"remaining_time":3.5389013},
{"learn":[0.005392097195],"iteration":815,"passed_time":15.60999128,"remaining_time":3.519899995},
{"learn":[0.005387961207],"iteration":816,"passed_time":15.62969226,"remaining_time":3.500898022},
{"learn":[0.005383400403],"iteration":817,"passed_time":15.65040813,"remaining_time":3.482120146},
{"learn":[0.005377836964],"iteration":818,"passed_time":15.67023694,"remaining_time":3.463141496},
{"learn":[0.005370817386],"iteration":819,"passed_time":15.69168919,"remaining_time":3.444517139},
{"learn":[0.00535576299],"iteration":820,"passed_time":15.71085802,"remaining_time":3.425388045},
{"learn":[0.005350347858],"iteration":821,"passed_time":15.73015044,"remaining_time":3.406285619},
{"learn":[0.005345733147],"iteration":822,"passed_time":15.75049912,"remaining_time":3.387409896},
{"learn":[0.005342608935],"iteration":823,"passed_time":15.77137493,"remaining_time":3.368643188},
{"learn":[0.005336878305],"iteration":824,"passed_time":15.79293132,"remaining_time":3.350015736},
{"learn":[0.005329828304],"iteration":825,"passed_time":15.81342256,"remaining_time":3.33115681},
{"learn":[0.005325508441],"iteration":826,"passed_time":15.83426751,"remaining_time":3.312367932},
{"learn":[0.005320673926],"iteration":827,"passed_time":15.85602742,"remaining_time":3.293764149},
{"learn":[0.005315944671],"iteration":828,"passed_time":15.87710769,"remaining_time":3.275012564},
{"learn":[0.005302920931],"iteration":829,"passed_time":15.89743539,"remaining_time":3.256101223},
{"learn":[0.005298507353],"iteration":830,"passed_time":15.91818934,"remaining_time":3.237273163},
{"learn":[0.00529100535],"iteration":831,"passed_time":15.93859847,"remaining_time":3.218370844},
{"learn":[0.005284781044],"iteration":832,"passed_time":15.9596739,"remaining_time":3.199598489},
{"learn":[0.005277404939],"iteration":833,"passed_time":15.98050781,"remaining_time":3.180772538},
{"learn":[0.005268289852],"iteration":834,"passed_time":16.00018836,"remaining_time":3.161713868},
{"learn":[0.005257081042],"iteration":835,"passed_time":16.02055718,"remaining_time":3.142788729},
{"learn":[0.005248378846],"iteration":836,"passed_time":16.04100338,"remaining_time":3.12387521},
{"learn":[0.005243045297],"iteration":837,"passed_time":16.06312139,"remaining_time":3.105281224},
{"learn":[0.005236477127],"iteration":838,"passed_time":16.08407921,"remaining_time":3.0864562},
{"learn":[0.005229842822],"iteration":839,"passed_time":16.10561436,"remaining_time":3.067736068},
{"learn":[0.005224951386],"iteration":840,"passed_time":16.12677525,"remaining_time":3.048938484},
{"learn":[0.005219177612],"iteration":841,"passed_time":16.14780017,"remaining_time":3.03010977},
{"learn":[0.005211194252],"iteration":842,"passed_time":16.16760731,"remaining_time":3.011049049},
{"learn":[0.005205756105],"iteration":843,"passed_time":16.18842237,"remaining_time":2.992172856},
{"learn":[0.005201781498],"iteration":844,"passed_time":16.20859333,"remaining_time":2.973173925},
{"learn":[0.005197491466],"iteration":845,"passed_time":16.22832506,"remaining_time":2.954092269},
{"learn":[0.005190217002],"iteration":846,"passed_time":16.24852414,"remaining_time":2.935093499},
{"learn":[0.005183133843],"iteration":847,"passed_time":16.26999134,"remaining_time":2.916319202},
{"learn":[0.005170217356],"iteration":848,"passed_time":16.29049676,"remaining_time":2.897367504},
{"learn":[0.00515897218],"iteration":849,"passed_time":16.31073667,"remaining_time":2.878365294},
{"learn":[0.005154389255],"iteration":850,"passed_time":16.33063492,"remaining_time":2.859300355},
{"learn":[0.005149961456],"iteration":851,"passed_time":16.35029813,"remaining_time":2.840192633},
{"learn":[0.005142419083],"iteration":852,"passed_time":16.37066953,"remaining_time":2.821205652},
{"learn":[0.005134630748],"iteration":853,"passed_time":16.39005676,"remaining_time":2.802047174},
{"learn":[0.005125780783],"iteration":854,"passed_time":16.40929794,"remaining_time":2.782863394},
{"learn":[0.005121784761],"iteration":855,"passed_time":16.42826448,"remaining_time":2.763633277},
{"learn":[0.005117405947],"iteration":856,"passed_time":16.44850359,"remaining_time":2.744616118},
{"learn":[0.00510980713],"iteration":857,"passed_time":16.46901626,"remaining_time":2.725641386},
{"learn":[0.005102625286],"iteration":858,"passed_time":16.48896412,"remaining_time":2.706570362},
{"learn":[0.005099373836],"iteration":859,"passed_time":16.51219897,"remaining_time":2.68803239},
{"learn":[0.005089064275],"iteration":860,"passed_time":16.53294128,"remaining_time":2.669081112},
{"learn":[0.005079371292],"iteration":861,"passed_time":16.55409153,"remaining_time":2.650190988},
{"learn":[0.005075519653],"iteration":862,"passed_time":16.57430743,"remaining_time":2.631147298},
{"learn":[0.005069957738],"iteration":863,"passed_time":16.59574477,"remaining_time":2.612293158},
{"learn":[0.005065458058],"iteration":864,"passed_time":16.61656882,"remaining_time":2.59333733},
{"learn":[0.005061776449],"iteration":865,"passed_time":16.6366587,"remaining_time":2.574263586},
{"learn":[0.005055576514],"iteration":866,"passed_time":16.65605977,"remaining_time":2.555081833},
{"learn":[0.005051235517],"iteration":867,"passed_time":16.67570331,"remaining_time":2.535936448},
{"learn":[0.005041774373],"iteration":868,"passed_time":16.69607193,"remaining_time":2.516899221},
{"learn":[0.005034266663],"iteration":869,"passed_time":16.71598207,"remaining_time":2.497790424},
{"learn":[0.005020384626],"iteration":870,"passed_time":16.73549855,"remaining_time":2.478621485},
{"learn":[0.005005950899],"iteration":871,"passed_time":16.7545399,"remaining_time":2.459382004},
{"learn":[0.005001561782],"iteration":872,"passed_time":16.77443668,"remaining_time":2.44026742},
{"learn":[0.0049960189],"iteration":873,"passed_time":16.79360421,"remaining_time":2.421045916},
{"learn":[0.00499221265],"iteration":874,"passed_time":16.81365533,"remaining_time":2.401950762},
{"learn":[0.004985509193],"iteration":875,"passed_time":16.83389283,"remaining_time":2.382879808},
{"learn":[0.004977882235],"iteration":876,"passed_time":16.8529681,"remaining_time":2.363643189},
{"learn":[0.00497397829],"iteration":877,"passed_time":16.87326027,"remaining_time":2.344576028},
{"learn":[0.004967659761],"iteration":878,"passed_time":16.8931378,"remaining_time":2.325449003},
{"learn":[0.004961652846],"iteration":879,"passed_time":16.91416646,"remaining_time":2.306477244},
{"learn":[0.004954810428],"iteration":880,"passed_time":16.93595046,"remaining_time":2.287602843},
{"learn":[0.004946974831],"iteration":881,"passed_time":16.95650245,"remaining_time":2.268557018},
{"learn":[0.004942144637],"iteration":882,"passed_time":16.97753472,"remaining_time":2.249571418},
{"learn":[0.004933443386],"iteration":883,"passed_time":17.00176197,"remaining_time":2.231000439},
{"learn":[0.004924466742],"iteration":884,"passed_time":17.02312522,"remaining_time":2.21204452},
{"learn":[0.004919514334],"iteration":885,"passed_time":17.04814965,"remaining_time":2.193554244},
{"learn":[0.004915079412],"iteration":886,"passed_time":17.06865054,"remaining_time":2.174472954},
{"learn":[0.004911398524],"iteration":887,"passed_time":17.08891058,"remaining_time":2.155358091},
{"learn":[0.00490452665],"iteration":888,"passed_time":17.1086237,"remaining_time":2.136172363},
{"learn":[0.004898409307],"iteration":889,"passed_time":17.12875577,"remaining_time":2.117037229},
{"learn":[0.004894487297],"iteration":890,"passed_time":17.14939665,"remaining_time":2.097962104},
{"learn":[0.00488969899],"iteration":891,"passed_time":17.16946305,"remaining_time":2.078813911},
{"learn":[0.004885674348],"iteration":892,"passed_time":17.19014048,"remaining_time":2.059736878},
{"learn":[0.004880516668],"iteration":893,"passed_time":17.21062068,"remaining_time":2.040632877},
{"learn":[0.00487596385],"iteration":894,"passed_time":17.23186606,"remaining_time":2.021615572},
{"learn":[0.004869898359],"iteration":895,"passed_time":17.25097237,"remaining_time":2.002345007},
{"learn":[0.004857934989],"iteration":896,"passed_time":17.27196183,"remaining_time":1.983291047},
{"learn":[0.004851353266],"iteration":897,"passed_time":17.29040138,"remaining_time":1.963943141},
{"learn":[0.004846963268],"iteration":898,"passed_time":17.31467792,"remaining_time":1.945253025},
{"learn":[0.004841779142],"iteration":899,"passed_time":17.3329762,"remaining_time":1.925886244},
{"learn":[0.004836155551],"iteration":900,"passed_time":17.35364821,"remaining_time":1.906782656},
{"learn":[0.004833207975],"iteration":901,"passed_time":17.37372651,"remaining_time":1.887611084},
{"learn":[0.004829094878],"iteration":902,"passed_time":17.39338825,"remaining_time":1.868392758},
{"learn":[0.004824600307],"iteration":903,"passed_time":17.41520771,"remaining_time":1.849402588},
{"learn":[0.004818605655],"iteration":904,"passed_time":17.43547422,"remaining_time":1.83024315},
{"learn":[0.004812591349],"iteration":905,"passed_time":17.45602735,"remaining_time":1.811111006},
{"learn":[0.004805889314],"iteration":906,"passed_time":17.47577401,"remaining_time":1.791893035},
{"learn":[0.004800692859],"iteration":907,"passed_time":17.49573643,"remaining_time":1.772695761},
{"learn":[0.00479590782],"iteration":908,"passed_time":17.51572239,"remaining_time":1.753499161},
{"learn":[0.004788208731],"iteration":909,"passed_time":17.53703406,"remaining_time":1.73443194},
{"learn":[0.004781333417],"iteration":910,"passed_time":17.55741296,"remaining_time":1.715268664},
{"learn":[0.004775878485],"iteration":911,"passed_time":17.57796035,"remaining_time":1.696118981},
{"learn":[0.004772434596],"iteration":912,"passed_time":17.59774922,"remaining_time":1.676893956},
{"learn":[0.004769524714],"iteration":913,"passed_time":17.61749186,"remaining_time":1.657663347},
{"learn":[0.004760479259],"iteration":914,"passed_time":17.63837279,"remaining_time":1.638537363},
{"learn":[0.00475641507],"iteration":915,"passed_time":17.65894725,"remaining_time":1.619379442},
{"learn":[0.004750449054],"iteration":916,"passed_time":17.68001147,"remaining_time":1.600262761},
{"learn":[0.004746776807],"iteration":917,"passed_time":17.6989324,"remaining_time":1.580950389},
{"learn":[0.004736545879],"iteration":918,"passed_time":17.71849375,"remaining_time":1.561695314},
{"learn":[0.004729348462],"iteration":919,"passed_time":17.73715636,"remaining_time":1.542361423},
{"learn":[0.004726395554],"iteration":920,"passed_time":17.75639108,"remaining_time":1.523078062},
{"learn":[0.00471957273],"iteration":921,"passed_time":17.77647823,"remaining_time":1.503866922},
{"learn":[0.004714708079],"iteration":922,"passed_time":17.79653136,"remaining_time":1.484651045},
{"learn":[0.004709570654],"iteration":923,"passed_time":17.8183562,"remaining_time":1.465579082},
{"learn":[0.004699017303],"iteration":924,"passed_time":17.83929422,"remaining_time":1.446429261},
{"learn":[0.004695647202],"iteration":925,"passed_time":17.8603763,"remaining_time":1.427287091},
{"learn":[0.004688406229],"iteration":926,"passed_time":17.87977246,"remaining_time":1.408007972},
{"learn":[0.004684025774],"iteration":927,"passed_time":17.89931077,"remaining_time":1.388739628},
{"learn":[0.004678962963],"iteration":928,"passed_time":17.91867251,"remaining_time":1.36945721},
{"learn":[0.004676391999],"iteration":929,"passed_time":17.93811835,"remaining_time":1.350180951},
{"learn":[0.004672416368],"iteration":930,"passed_time":17.95963155,"remaining_time":1.331057548},
{"learn":[0.004667008227],"iteration":931,"passed_time":17.97968514,"remaining_time":1.311822521},
{"learn":[0.004659841455],"iteration":932,"passed_time":18.00095354,"remaining_time":1.292672977},
{"learn":[0.004652766839],"iteration":933,"passed_time":18.02461241,"remaining_time":1.273687815},
{"learn":[0.004649374609],"iteration":934,"passed_time":18.04557998,"remaining_time":1.25450556},
{"learn":[0.004640335136],"iteration":935,"passed_time":18.06588854,"remaining_time":1.23527443},
{"learn":[0.004633767672],"iteration":936,"passed_time":18.08634955,"remaining_time":1.21605125},
{"learn":[0.004628398434],"iteration":937,"passed_time":18.10695985,"remaining_time":1.196835299},
{"learn":[0.004624278385],"iteration":938,"passed_time":18.12781706,"remaining_time":1.177632418},
{"learn":[0.004616935424],"iteration":939,"passed_time":18.14841801,"remaining_time":1.158409661},
{"learn":[0.004613507672],"iteration":940,"passed_time":18.16843957,"remaining_time":1.139147645},
{"learn":[0.004608553924],"iteration":941,"passed_time":18.18786265,"remaining_time":1.119847169},
{"learn":[0.004602500077],"iteration":942,"passed_time":18.20872625,"remaining_time":1.100633506},
{"learn":[0.004597213078],"iteration":943,"passed_time":18.22752172,"remaining_time":1.081293661},
{"learn":[0.004591384594],"iteration":944,"passed_time":18.24749236,"remaining_time":1.062023365},
{"learn":[0.00458675676],"iteration":945,"passed_time":18.26742622,"remaining_time":1.042749488},
{"learn":[0.004578872799],"iteration":946,"passed_time":18.28745181,"remaining_time":1.023479351},
{"learn":[0.004569333637],"iteration":947,"passed_time":18.30814037,"remaining_time":1.004243987},
{"learn":[0.0045642139],"iteration":948,"passed_time":18.32831429,"remaining_time":0.9849779015},
{"learn":[0.004560061439],"iteration":949,"passed_time":18.35037863,"remaining_time":0.9658094014},
{"learn":[0.004555339016],"iteration":950,"passed_time":18.37049691,"remaining_time":0.9465345413},
{"learn":[0.004549068531],"iteration":951,"passed_time":18.39147832,"remaining_time":0.9273014281},
{"learn":[0.004542600564],"iteration":952,"passed_time":18.41114538,"remaining_time":0.9079998244},
{"learn":[0.004537704172],"iteration":953,"passed_time":18.43231557,"remaining_time":0.888769933},
{"learn":[0.004531630981],"iteration":954,"passed_time":18.45342663,"remaining_time":0.8695331919},
{"learn":[0.004529227187],"iteration":955,"passed_time":18.47447338,"remaining_time":0.8502895699},
{"learn":[0.004525928499],"iteration":956,"passed_time":18.49487321,"remaining_time":0.831013112},
{"learn":[0.004522902642],"iteration":957,"passed_time":18.51548362,"remaining_time":0.8117435409},
{"learn":[0.004518930672],"iteration":958,"passed_time":18.5347844,"remaining_time":0.7924151827},
{"learn":[0.004514899371],"iteration":959,"passed_time":18.5550285,"remaining_time":0.7731261873},
{"learn":[0.004511755741],"iteration":960,"passed_time":18.57482255,"remaining_time":0.7538169401},
{"learn":[0.004508175023],"iteration":961,"passed_time":18.59666226,"remaining_time":0.7345874906},
{"learn":[0.00450440214],"iteration":962,"passed_time":18.61704397,"remaining_time":0.7152966011},
{"learn":[0.004498919066],"iteration":963,"passed_time":18.63773006,"remaining_time":0.6960148157},
{"learn":[0.004495821656],"iteration":964,"passed_time":18.65846559,"remaining_time":0.6767319126},
{"learn":[0.004490709896],"iteration":965,"passed_time":18.678591,"remaining_time":0.657424528},
{"learn":[0.004485919408],"iteration":966,"passed_time":18.69920526,"remaining_time":0.6381321338},
{"learn":[0.004479116394],"iteration":967,"passed_time":18.7189055,"remaining_time":0.6188067934},
{"learn":[0.004475524472],"iteration":968,"passed_time":18.73994324,"remaining_time":0.5995234679},
{"learn":[0.004471624632],"iteration":969,"passed_time":18.75932142,"remaining_time":0.5801851986},
{"learn":[0.004468342927],"iteration":970,"passed_time":18.78143518,"remaining_time":0.5609285482},
{"learn":[0.004463379846],"iteration":971,"passed_time":18.80184211,"remaining_time":0.5416168509},
{"learn":[0.004460098751],"iteration":972,"passed_time":18.82187914,"remaining_time":0.522292638},
{"learn":[0.004457293488],"iteration":973,"passed_time":18.84097108,"remaining_time":0.5029417332},
{"learn":[0.00445133679],"iteration":974,"passed_time":18.86126248,"remaining_time":0.4836221149},
{"learn":[0.004444677342],"iteration":975,"passed_time":18.8806039,"remaining_time":0.464277145},
{"learn":[0.004441341043],"iteration":976,"passed_time":18.90129317,"remaining_time":0.4449639129},
{"learn":[0.004437007609],"iteration":977,"passed_time":18.92435313,"remaining_time":0.4257011952},
{"learn":[0.004431342426],"iteration":978,"passed_time":18.94681397,"remaining_time":0.4064178685},
{"learn":[0.004428377804],"iteration":979,"passed_time":18.9703225,"remaining_time":0.3871494388},
{"learn":[0.004425809777],"iteration":980,"passed_time":18.99184096,"remaining_time":0.3678338208},
{"learn":[0.004422600499],"iteration":981,"passed_time":19.01264836,"remaining_time":0.3485006827},
{"learn":[0.00441884805],"iteration":982,"passed_time":19.03169656,"remaining_time":0.3291341215},
{"learn":[0.004411930477],"iteration":983,"passed_time":19.05386462,"remaining_time":0.3098189369},
{"learn":[0.00440772386],"iteration":984,"passed_time":19.07494128,"remaining_time":0.2904813393},
{"learn":[0.004399286434],"iteration":985,"passed_time":19.09779055,"remaining_time":0.2711653831},
{"learn":[0.004395332223],"iteration":986,"passed_time":19.11945857,"remaining_time":0.2518267087},
{"learn":[0.004390675092],"iteration":987,"passed_time":19.13959688,"remaining_time":0.2324647395},
{"learn":[0.004387796805],"iteration":988,"passed_time":19.15956067,"remaining_time":0.2130992593},
{"learn":[0.004383954709],"iteration":989,"passed_time":19.17829814,"remaining_time":0.1937201833},
{"learn":[0.004380075703],"iteration":990,"passed_time":19.19865789,"remaining_time":0.1743571352},
{"learn":[0.004369435606],"iteration":991,"passed_time":19.21897923,"remaining_time":0.154991768},
{"learn":[0.004365730327],"iteration":992,"passed_time":19.2385213,"remaining_time":0.135618982},
{"learn":[0.004362932113],"iteration":993,"passed_time":19.26026598,"remaining_time":0.1162591508},
{"learn":[0.004360389314],"iteration":994,"passed_time":19.27946586,"remaining_time":0.09688173797},
{"learn":[0.00435442326],"iteration":995,"passed_time":19.30185331,"remaining_time":0.07751748315},
{"learn":[0.004350144536],"iteration":996,"passed_time":19.32251519,"remaining_time":0.05814197147},
{"learn":[0.004346265729],"iteration":997,"passed_time":19.34372033,"remaining_time":0.0387649706},
{"learn":[0.004339997398],"iteration":998,"passed_time":19.36344648,"remaining_time":0.01938282931},
{"learn":[0.00433589937],"iteration":999,"passed_time":19.38427771,"remaining_time":0}
]}